scenario_id,scenario,workflow,scenario_family,daily_sensor_groups,fallback_sensor_groups,daily_sensors,fallback_sensors,n_train,n_test,n_total,n_daily_used,n_fallback_used,train_r_squared,train_rmse,train_mae,train_bias,test_calib_r_squared,test_calib_rmse,test_calib_mae,test_calib_bias,train_slope,train_intercept,test_calib_slope,test_calib_intercept,slope,intercept
61,daily[gcomc+viirs_sr_vnp09ga+viirs_sr_vj209ga],daily_only_or_16day_only_combinations,daily,"gcomc, viirs_sr_vnp09ga, viirs_sr_vj209ga",,"gcomc, viirs_sr_vnp09ga, viirs_sr_vj209ga",,9702,4158,13860,13860,0,0.7882134483583951,0.07870203176614268,0.05227701897873291,-0.00024632286796536797,0.8325098340530845,0.07137849448019674,0.05059323730824648,0.0008237192719270554,1.00048965665297,-0.0005633975870521502,1.017660337810477,-0.010561968366487928,1.00048965665297,-0.0005633975870521502
98,daily[gcomc+viirs_sr_vnp09ga+viirs_sr_vj109ga+viirs_sr_vj209ga],daily_only_or_16day_only_combinations,daily,"gcomc, viirs_sr_vnp09ga, viirs_sr_vj109ga, viirs_sr_vj209ga",,"gcomc, viirs_sr_vnp09ga, viirs_sr_vj109ga, viirs_sr_vj209ga",,10129,4342,14471,14471,0,0.7917575857909809,0.07914879178657627,0.05220849151141936,-0.00037444807820778654,0.8242064565475825,0.07221719808822226,0.050456179942816176,-0.0007192259559254144,1.0057519306781137,-0.0040871031349898335,1.0135448708379968,-0.00946548620882015,1.0057519306781137,-0.0040871031349898335
24,daily[gcomc+viirs_sr_vj109ga],daily_only_or_16day_only_combinations,daily,"gcomc, viirs_sr_vj109ga",,"gcomc, viirs_sr_vj109ga",,6459,2769,9228,9228,0,0.7937360229279121,0.08195372142569231,0.055518769031583835,-0.0011829692421427471,0.8219086486382429,0.07503400696394104,0.05312978046288561,0.0009823586193766533,1.0057752340606572,-0.004908496373842164,0.997298860796042,0.0027253536551500313,1.0057752340606572,-0.004908496373842164
23,daily[gcomc+viirs_sr_vnp09ga],daily_only_or_16day_only_combinations,daily,"gcomc, viirs_sr_vnp09ga",,"gcomc, viirs_sr_vnp09ga",,9496,4071,13567,13567,0,0.792649929882305,0.07791465814627845,0.05220224717354676,-0.0007082275884582974,0.8201579926903206,0.07290513598185307,0.05089115086785701,0.001484120932193301,1.0035693840835533,-0.0030228685318096638,1.0043494577108458,-0.0013255599907054938,1.0035693840835533,-0.0030228685318096638
25,daily[gcomc+viirs_sr_vj209ga],daily_only_or_16day_only_combinations,daily,"gcomc, viirs_sr_vj209ga",,"gcomc, viirs_sr_vj209ga",,5714,2450,8164,8164,0,0.804975330244535,0.07944813845294506,0.055485103102905144,0.0005216689289464473,0.8093233508783289,0.07772771408777451,0.055313557075775295,0.001659732778013642,1.0026209548727654,-0.0011759683028331747,0.9963686082836862,0.00400964275262472,1.0026209548727654,-0.0011759683028331747
62,daily[gcomc+viirs_sr_vj109ga+viirs_sr_vj209ga],daily_only_or_16day_only_combinations,daily,"gcomc, viirs_sr_vj109ga, viirs_sr_vj209ga",,"gcomc, viirs_sr_vj109ga, viirs_sr_vj209ga",,6664,2857,9521,9521,0,0.8017024288174865,0.07980361731609459,0.05462344243397359,0.0003308759283713479,0.8071483687658041,0.08057289131695444,0.054783134504849514,-0.0023065748870072494,1.0082221834688208,-0.004967178111524029,0.9970197779906093,-0.00039551531102133275,1.0082221834688208,-0.004967178111524029
4,daily[gcomc],daily_only_or_16day_only_combinations,daily,gcomc,,gcomc,,5202,2230,7432,7432,0,0.8217359739826876,0.07556094607582046,0.054684361949250276,2.7348481353320825e-06,0.7957159943824881,0.07866819276421329,0.056548776451382135,0.0017974537967898497,1.0000412493192459,-2.4120276719163947e-05,0.9941304992126242,0.00562009009692388,1.0000412493192459,-2.4120276719163947e-05
60,daily[gcomc+viirs_sr_vnp09ga+viirs_sr_vj109ga],daily_only_or_16day_only_combinations,daily,"gcomc, viirs_sr_vnp09ga, viirs_sr_vj109ga",,"gcomc, viirs_sr_vnp09ga, viirs_sr_vj109ga",,9996,4284,14280,14280,0,0.8036373985903998,0.0765494837136621,0.0514687911529612,-0.0011463280093704147,0.7951292502781594,0.07782340047920194,0.05203588871976115,0.0013539897484904696,1.0116247332365573,-0.00866210518296251,0.9904342432891101,0.007529951779084221,1.0116247332365573,-0.00866210518296251
131,16day[mcd43a3_bluesky+viirs_vj143ma3_bluesky],daily_only_or_16day_only_combinations,16day,,"mcd43a3_bluesky, viirs_vj143ma3_bluesky",,"mcd43a3_bluesky, mcd43a3_bluesky_2020, mcd43a3_bluesky_2021, mcd43a3_bluesky_2022, mcd43a3_bluesky_2023, mcd43a3_bluesky_2024, mcd43a3_bluesky_2025, viirs_vj143ma3_bluesky",28086,12037,40123,0,40123,0.7881416678628611,0.09823350774094565,0.06954850650751264,0.023240021458733887,0.7908697399066432,0.09372710869874853,0.06513753345490085,0.00017872512427831287,1.0390190810848188,0.00047675626947629723,0.9968707670383128,0.0020768696630729666,1.0390190810848188,0.00047675626947629723
128,16day[mcd43a3_bluesky],daily_only_or_16day_only_combinations,16day,,mcd43a3_bluesky,,"mcd43a3_bluesky, mcd43a3_bluesky_2020, mcd43a3_bluesky_2021, mcd43a3_bluesky_2022, mcd43a3_bluesky_2023, mcd43a3_bluesky_2024, mcd43a3_bluesky_2025",27636,11844,39480,0,39480,0.7945755060648044,0.09607414825674061,0.06781985680742511,0.021561153256259954,0.7898797566462751,0.09410953883530532,0.06473544439812955,0.0006102026481459804,1.024279880032178,0.007398062744456757,0.9936055723410296,0.004488819656980114,1.024279880032178,0.007398062744456757
48,daily[myd10+gcomc+viirs_sr_vnp09ga],daily_only_or_16day_only_combinations,daily,"myd10, gcomc, viirs_sr_vnp09ga",,"myd10, myd10_2021, myd10_2022, myd10_2023, myd10_2024, myd10_2025, gcomc, viirs_sr_vnp09ga",,17754,7610,25364,25364,0,0.7826717455891059,0.09267256391111389,0.06180873148161915,-0.00026975210264353576,0.7896727162281243,0.08749879866446808,0.059090865999977434,0.0009707102085813006,0.8641616147008205,0.08344874834996352,1.0087588660689844,-0.004421830933548754,0.8641616147008205,0.08344874834996352
49,daily[myd10+gcomc+viirs_sr_vj109ga],daily_only_or_16day_only_combinations,daily,"myd10, gcomc, viirs_sr_vj109ga",,"myd10, myd10_2021, myd10_2022, myd10_2023, myd10_2024, myd10_2025, gcomc, viirs_sr_vj109ga",,17531,7514,25045,25045,0,0.7796762870190737,0.09415240250391002,0.06355698776741202,-5.025432158272159e-06,0.7890240011514316,0.08774616496457362,0.05933147803980683,0.0006629021259547704,0.8542281742686486,0.0898213355579428,0.994511271158273,0.004036972799252636,0.8542281742686486,0.0898213355579428
130,16day[viirs_vnp43ma3_bluesky],daily_only_or_16day_only_combinations,16day,,viirs_vnp43ma3_bluesky,,viirs_vnp43ma3_bluesky,21282,9122,30404,0,30404,0.7793536667029951,0.09943158554857522,0.07298313436331172,0.027891785585001414,0.7889664806437984,0.09280426734247631,0.06541973228099181,-0.000679560992554634,1.0784442131245338,-0.018463708708624016,1.009095679469484,-0.006304605033598976,1.0784442131245338,-0.018463708708624016
119,daily[sice+gcomc+viirs_sr_vnp09ga+viirs_sr_vj109ga+viirs_sr_vj209ga],daily_only_or_16day_only_combinations,daily,"sice, gcomc, viirs_sr_vnp09ga, viirs_sr_vj109ga, viirs_sr_vj209ga",,"sice, gcomc, viirs_sr_vnp09ga, viirs_sr_vj109ga, viirs_sr_vj209ga",,11655,4996,16651,16651,0,0.7787906766202496,0.08769791051297443,0.05909675663203347,-0.002174301185369655,0.7888149784000086,0.08555695606228601,0.057136800016731944,-0.0025712638025530577,1.0129708693604018,-0.010266781596188657,1.0107759920536359,-0.009305021697741722,1.0129708693604018,-0.010266781596188657
92,daily[myd10+gcomc+viirs_sr_vj109ga+viirs_sr_vj209ga],daily_only_or_16day_only_combinations,daily,"myd10, gcomc, viirs_sr_vj109ga, viirs_sr_vj209ga",,"myd10, myd10_2021, myd10_2022, myd10_2023, myd10_2024, myd10_2025, gcomc, viirs_sr_vj109ga, viirs_sr_vj209ga",,17593,7541,25134,25134,0,0.781292132602043,0.09386487449360596,0.06320082772750525,0.0002758294028875122,0.7860876273764037,0.08864701870427034,0.060288115266475775,0.00031975113764903974,0.8526918845790823,0.09091234027841333,1.010239158151903,-0.005991381701135223,0.8526918845790823,0.09091234027841333
95,daily[sice+gcomc+viirs_sr_vnp09ga+viirs_sr_vj209ga],daily_only_or_16day_only_combinations,daily,"sice, gcomc, viirs_sr_vnp09ga, viirs_sr_vj209ga",,"sice, gcomc, viirs_sr_vnp09ga, viirs_sr_vj209ga",,11442,4904,16346,16346,0,0.7732139684725268,0.08882655010019179,0.05937826136945027,-0.0024294089487778936,0.7859592072597841,0.08583175627422825,0.059269806355242774,0.00012781070978330753,1.0050446782592164,-0.005566230936100758,1.0155112147472165,-0.009549276592578204,1.0050446782592164,-0.005566230936100758
94,daily[sice+gcomc+viirs_sr_vnp09ga+viirs_sr_vj109ga],daily_only_or_16day_only_combinations,daily,"sice, gcomc, viirs_sr_vnp09ga, viirs_sr_vj109ga",,"sice, gcomc, viirs_sr_vnp09ga, viirs_sr_vj109ga",,11575,4962,16537,16537,0,0.7784474134401099,0.08756456324754279,0.05892754268073434,-0.003157759401627068,0.7857883233142442,0.0865594116524361,0.058151228526005544,0.0004346850363103114,1.012909079755584,-0.011236150617345952,1.0044003679568463,-0.0022888242679544035,1.012909079755584,-0.011236150617345952
2,daily[myd10],daily_only_or_16day_only_combinations,daily,myd10,,"myd10, myd10_2021, myd10_2022, myd10_2023, myd10_2024, myd10_2025",,16272,6975,23247,23247,0,0.7678922562159911,0.09994354524107027,0.06813167962045232,-0.0008471184894296955,0.7850783083758051,0.08841332626376891,0.061020736352371235,-0.0002966442109170355,0.8107246257405266,0.11548736475518462,1.0033257948762564,-0.0023388265464414637,0.8107246257405266,0.11548736475518462
133,16day[viirs_vj143ma3_bluesky+viirs_vnp43ma3_bluesky],daily_only_or_16day_only_combinations,16day,,"viirs_vj143ma3_bluesky, viirs_vnp43ma3_bluesky",,"viirs_vj143ma3_bluesky, viirs_vnp43ma3_bluesky",22642,9704,32346,0,32346,0.77922236242181,0.10081631562908022,0.07363132225598445,0.02769593458660896,0.7840818687938469,0.09436418897901583,0.06700092684685932,-0.0006603505564593303,1.0891567273665195,-0.024843628503576243,0.9952625231175501,0.002271966825511229,1.0891567273665195,-0.024843628503576243
118,daily[myd10+gcomc+viirs_sr_vnp09ga+viirs_sr_vj109ga+viirs_sr_vj209ga],daily_only_or_16day_only_combinations,daily,"myd10, gcomc, viirs_sr_vnp09ga, viirs_sr_vj109ga, viirs_sr_vj209ga",,"myd10, myd10_2021, myd10_2022, myd10_2023, myd10_2024, myd10_2025, gcomc, viirs_sr_vnp09ga, viirs_sr_vj109ga, viirs_sr_vj209ga",,17971,7703,25674,25674,0,0.786152252565656,0.09145997166598042,0.06058724834383173,0.0001650920369298681,0.7838127901894116,0.08870581331791262,0.05952553712571201,-0.0017182779250895816,0.8738802277489665,0.07798216864541907,1.0007219665716691,-0.0021628647145005564,0.8738802277489665,0.07798216864541907
116,daily[myd10+sice+gcomc+viirs_sr_vj109ga+viirs_sr_vj209ga],daily_only_or_16day_only_combinations,daily,"myd10, sice, gcomc, viirs_sr_vj109ga, viirs_sr_vj209ga",,"myd10, myd10_2021, myd10_2022, myd10_2023, myd10_2024, myd10_2025, sice, gcomc, viirs_sr_vj109ga, viirs_sr_vj209ga",,18155,7781,25936,25936,0,0.7657164280468091,0.09673134769623312,0.06502160746363721,-0.0013688109632424494,0.7835193974078577,0.09068572774604612,0.06266643937367136,-0.0003731437394380629,0.8710848447692248,0.07756752251219146,1.018351005288356,-0.011587250225073453,0.8710848447692248,0.07756752251219146
134,16day[mcd43a3_bluesky+viirs_vj143ma3_bluesky+viirs_vnp43ma3_bluesky],daily_only_or_16day_only_combinations,16day,,"mcd43a3_bluesky, viirs_vj143ma3_bluesky, viirs_vnp43ma3_bluesky",,"mcd43a3_bluesky, mcd43a3_bluesky_2020, mcd43a3_bluesky_2021, mcd43a3_bluesky_2022, mcd43a3_bluesky_2023, mcd43a3_bluesky_2024, mcd43a3_bluesky_2025, viirs_vj143ma3_bluesky, viirs_vnp43ma3_bluesky",28567,12243,40810,0,40810,0.786901893750423,0.09895362499792675,0.07044324719198142,0.024133516283590624,0.7824287168907008,0.09578165671185643,0.06657300183883327,0.0017959633589105112,1.0517060189326852,-0.00602615141103624,1.0028962486036743,3.067837377668248e-05,1.0517060189326852,-0.00602615141103624
16,daily[myd10+viirs_sr_vnp09ga],daily_only_or_16day_only_combinations,daily,"myd10, viirs_sr_vnp09ga",,"myd10, myd10_2021, myd10_2022, myd10_2023, myd10_2024, myd10_2025, viirs_sr_vnp09ga",,16957,7268,24225,24225,0,0.7758833709272498,0.09558931888347694,0.06377463694934248,-0.0010638167079082387,0.7821814958888039,0.08878907559152867,0.059985004329627195,-0.0015490217514670616,0.8391293685170239,0.09828068046302285,1.0085119070100212,-0.00677047729672664,0.8391293685170239,0.09828068046302285
53,daily[myd10+viirs_sr_vj109ga+viirs_sr_vj209ga],daily_only_or_16day_only_combinations,daily,"myd10, viirs_sr_vj109ga, viirs_sr_vj209ga",,"myd10, myd10_2021, myd10_2022, myd10_2023, myd10_2024, myd10_2025, viirs_sr_vj109ga, viirs_sr_vj209ga",,16823,7210,24033,24033,0,0.7753669046146757,0.09637224779086447,0.06547098466556699,-0.0006664876255622271,0.7820533730788127,0.08977200838345406,0.06055986026297974,-0.0012661004484696525,0.8290595331306214,0.10460509525340822,1.0119708173833977,-0.008636712164495797,0.8290595331306214,0.10460509525340822
91,daily[myd10+gcomc+viirs_sr_vnp09ga+viirs_sr_vj209ga],daily_only_or_16day_only_combinations,daily,"myd10, gcomc, viirs_sr_vnp09ga, viirs_sr_vj209ga",,"myd10, myd10_2021, myd10_2022, myd10_2023, myd10_2024, myd10_2025, gcomc, viirs_sr_vnp09ga, viirs_sr_vj209ga",,17822,7639,25461,25461,0,0.7864149038543184,0.09178223987459734,0.06135781322591928,-0.0003438165466277635,0.7820401790182647,0.08903085141728753,0.05916610971017033,0.001488639558903284,0.8677419933637472,0.08113794433067123,1.0041992285539298,-0.0010970694679940385,0.8677419933637472,0.08113794433067123
115,daily[myd10+sice+gcomc+viirs_sr_vnp09ga+viirs_sr_vj209ga],daily_only_or_16day_only_combinations,daily,"myd10, sice, gcomc, viirs_sr_vnp09ga, viirs_sr_vj209ga",,"myd10, myd10_2021, myd10_2022, myd10_2023, myd10_2024, myd10_2025, sice, gcomc, viirs_sr_vnp09ga, viirs_sr_vj209ga",,18377,7877,26254,26254,0,0.7691568287677397,0.09532164166237322,0.06336072525317063,-0.0013283179367624388,0.7818396982394634,0.09065289024599701,0.06193809600005924,-0.0009041538649427225,0.8839231857767389,0.06977449323509755,1.017750160077486,-0.01176198924902716,0.8839231857767389,0.06977449323509755
85,daily[myd10+sice+gcomc+viirs_sr_vj109ga],daily_only_or_16day_only_combinations,daily,"myd10, sice, gcomc, viirs_sr_vj109ga",,"myd10, myd10_2021, myd10_2022, myd10_2023, myd10_2024, myd10_2025, sice, gcomc, viirs_sr_vj109ga",,18106,7761,25867,25867,0,0.7660845367898634,0.09674380034982336,0.06531563706820945,-0.0014465590622077396,0.7806127638655954,0.0908751387028503,0.062344716127828124,-0.0005980101059876642,0.8727924827172088,0.07649191932952992,1.0042526328641268,-0.003193653181216227,0.8727924827172088,0.07649191932952992
51,daily[myd10+viirs_sr_vnp09ga+viirs_sr_vj109ga],daily_only_or_16day_only_combinations,daily,"myd10, viirs_sr_vnp09ga, viirs_sr_vj109ga",,"myd10, myd10_2021, myd10_2022, myd10_2023, myd10_2024, myd10_2025, viirs_sr_vnp09ga, viirs_sr_vj109ga",,17199,7372,24571,24571,0,0.7786448578614592,0.09419371864436743,0.06271066447532803,-0.002278099375031494,0.7804234939736554,0.08927401666762616,0.05982631955220487,0.001868664411025056,0.8496344845900989,0.09055863846803391,1.00106561224905,0.0012139085906710534,0.8496344845900989,0.09055863846803391
15,daily[myd10+gcomc],daily_only_or_16day_only_combinations,daily,"myd10, gcomc",,"myd10, myd10_2021, myd10_2022, myd10_2023, myd10_2024, myd10_2025, gcomc",,17276,7405,24681,24681,0,0.7809018172948685,0.09503434437334907,0.06455158074108591,0.00095067977089604,0.7790053089125915,0.0893235555313039,0.060708463645788496,-0.00018700994436626867,0.8426604561343679,0.09766692176178404,0.999174612760901,0.0003222051621064592,0.8426604561343679,0.09766692176178404
132,16day[mcd43a3_bluesky+viirs_vnp43ma3_bluesky],daily_only_or_16day_only_combinations,16day,,"mcd43a3_bluesky, viirs_vnp43ma3_bluesky",,"mcd43a3_bluesky, mcd43a3_bluesky_2020, mcd43a3_bluesky_2021, mcd43a3_bluesky_2022, mcd43a3_bluesky_2023, mcd43a3_bluesky_2024, mcd43a3_bluesky_2025, viirs_vnp43ma3_bluesky",28427,12183,40610,0,40610,0.7898969656237032,0.09837105279391066,0.06982760778924965,0.024028624505048016,0.7787551882921889,0.09596461798323727,0.06641362698786853,0.00022905879877750082,1.047326752522518,-0.0036038405500510295,0.9930603777050105,0.004457481895670301,1.047326752522518,-0.0036038405500510295
90,daily[myd10+gcomc+viirs_sr_vnp09ga+viirs_sr_vj109ga],daily_only_or_16day_only_combinations,daily,"myd10, gcomc, viirs_sr_vnp09ga, viirs_sr_vj109ga",,"myd10, myd10_2021, myd10_2022, myd10_2023, myd10_2024, myd10_2025, gcomc, viirs_sr_vnp09ga, viirs_sr_vj109ga",,17924,7683,25607,25607,0,0.7884349931635481,0.09103942141719971,0.06065589010104701,-0.0007773931000241766,0.7787213049310377,0.09015552550406056,0.06015419248162743,0.0014620167430064949,0.8699859731920047,0.07938715295898524,1.0093958358362465,-0.004325034015028151,0.8699859731920047,0.07938715295898524
114,daily[myd10+sice+gcomc+viirs_sr_vnp09ga+viirs_sr_vj109ga],daily_only_or_16day_only_combinations,daily,"myd10, sice, gcomc, viirs_sr_vnp09ga, viirs_sr_vj109ga",,"myd10, myd10_2021, myd10_2022, myd10_2023, myd10_2024, myd10_2025, sice, gcomc, viirs_sr_vnp09ga, viirs_sr_vj109ga",,18440,7903,26343,26343,0,0.7733641955539446,0.09419725571169157,0.06273306976027566,-0.001565659205179863,0.7771017931311466,0.09157283812191726,0.06202817258210603,-0.0011363163271700667,0.890259376165727,0.06571138462738702,1.0048698568537124,-0.004117963616723563,0.890259376165727,0.06571138462738702
93,daily[myd10+viirs_sr_vnp09ga+viirs_sr_vj109ga+viirs_sr_vj209ga],daily_only_or_16day_only_combinations,daily,"myd10, viirs_sr_vnp09ga, viirs_sr_vj109ga, viirs_sr_vj209ga",,"myd10, myd10_2021, myd10_2022, myd10_2023, myd10_2024, myd10_2025, viirs_sr_vnp09ga, viirs_sr_vj109ga, viirs_sr_vj209ga",,17271,7403,24674,24674,0,0.780384705639495,0.09367336188444171,0.062443369656447215,-0.001875512001669466,0.7764255082271021,0.09007967151363086,0.05972985323165432,0.001273836814731063,0.8523088166191536,0.08918929964861133,0.9992919483126148,0.0017101473397693745,0.8523088166191536,0.08918929964861133
126,daily[myd10+sice+gcomc+viirs_sr_vnp09ga+viirs_sr_vj109ga+viirs_sr_vj209ga],daily_only_or_16day_only_combinations,daily,"myd10, sice, gcomc, viirs_sr_vnp09ga, viirs_sr_vj109ga, viirs_sr_vj209ga",,"myd10, myd10_2021, myd10_2022, myd10_2023, myd10_2024, myd10_2025, sice, gcomc, viirs_sr_vnp09ga, viirs_sr_vj109ga, viirs_sr_vj209ga",,18479,7920,26399,26399,0,0.7742448355043446,0.09375749981748792,0.06263871602617746,-0.0009995931949023213,0.776107100804743,0.0924049401721471,0.06205987705035763,-0.002857231524491839,0.8901610075478242,0.0663642268616057,1.0101703143232945,-0.009085078298931681,0.8901610075478242,0.0663642268616057
44,daily[myd10+sice+gcomc],daily_only_or_16day_only_combinations,daily,"myd10, sice, gcomc",,"myd10, myd10_2021, myd10_2022, myd10_2023, myd10_2024, myd10_2025, sice, gcomc",,17957,7696,25653,25653,0,0.7625651617030145,0.09793008907569123,0.06632802229766943,-0.0009314986187605578,0.77609630845591,0.09210385070236851,0.06377916219000607,-0.0010136443471087159,0.8624479780396748,0.08305963827183627,1.0139091444212782,-0.009533401964887389,0.8624479780396748,0.08305963827183627
17,daily[myd10+viirs_sr_vj109ga],daily_only_or_16day_only_combinations,daily,"myd10, viirs_sr_vj109ga",,"myd10, myd10_2021, myd10_2022, myd10_2023, myd10_2024, myd10_2025, viirs_sr_vj109ga",,16719,7166,23885,23885,0,0.7778597412365146,0.09639421830860233,0.06538914721726778,-0.0013458423590824817,0.7748632301200116,0.09043600958786126,0.06106520568906262,0.0005494056818663743,0.8281534923724845,0.10449325341615512,1.0010168510283173,-7.608773131539959e-05,0.8281534923724845,0.10449325341615512
50,daily[myd10+gcomc+viirs_sr_vj209ga],daily_only_or_16day_only_combinations,daily,"myd10, gcomc, viirs_sr_vj209ga",,"myd10, myd10_2021, myd10_2022, myd10_2023, myd10_2024, myd10_2025, gcomc, viirs_sr_vj209ga",,17385,7452,24837,24837,0,0.7842165273998161,0.09408583768191343,0.06400085180314449,0.0008519286205924644,0.7747099560048301,0.09016251700816058,0.06067333308851629,0.00013281033404691827,0.847345291407512,0.09472629602337657,0.9978399148689594,0.0014637205538634568,0.847345291407512,0.09472629602337657
54,daily[sice+gcomc+viirs_sr_vnp09ga],daily_only_or_16day_only_combinations,daily,"sice, gcomc, viirs_sr_vnp09ga",,"sice, gcomc, viirs_sr_vnp09ga",,11328,4856,16184,16184,0,0.7738164372040329,0.08874969328257284,0.059751453595383114,-0.002719428040092396,0.7746702241421888,0.08796020323539672,0.05959319697876032,0.0005690286222438152,1.0098545789457032,-0.008838324604868775,0.9861743500875223,0.009199368561504606,1.0098545789457032,-0.008838324604868775
52,daily[myd10+viirs_sr_vnp09ga+viirs_sr_vj209ga],daily_only_or_16day_only_combinations,daily,"myd10, viirs_sr_vnp09ga, viirs_sr_vj209ga",,"myd10, myd10_2021, myd10_2022, myd10_2023, myd10_2024, myd10_2025, viirs_sr_vnp09ga, viirs_sr_vj209ga",,17065,7314,24379,24379,0,0.7801076301673899,0.09420899508589461,0.06288308813011036,-0.001225030296142201,0.7740734914797045,0.09043316856889848,0.06049328346010483,0.0006823298306850572,0.8467238612955994,0.09307803672557047,0.992120680474736,0.005548100549271684,0.8467238612955994,0.09307803672557047
56,daily[sice+gcomc+viirs_sr_vj209ga],daily_only_or_16day_only_combinations,daily,"sice, gcomc, viirs_sr_vj209ga",,"sice, gcomc, viirs_sr_vj209ga",,8395,3598,11993,11993,0,0.7439308832775714,0.09764626422677446,0.06660217341441334,-0.0024723189417510416,0.7720489493025784,0.09383918754468212,0.06638190971420167,-0.0011674434220173312,0.98246338402475,0.00825060045417525,1.0250167343131529,-0.016223103474150458,0.98246338402475,0.00825060045417525
55,daily[sice+gcomc+viirs_sr_vj109ga],daily_only_or_16day_only_combinations,daily,"sice, gcomc, viirs_sr_vj109ga",,"sice, gcomc, viirs_sr_vj109ga",,8645,3706,12351,12351,0,0.760976240319358,0.09496330298640707,0.06448264159246192,-0.004429059280875265,0.7704653316811365,0.09278108091432151,0.06475956519605475,0.0011040466232123966,1.0017349756436962,-0.005494922314765671,0.99864674067802,0.0019261819702395266,1.0017349756436962,-0.005494922314765671
18,daily[myd10+viirs_sr_vj209ga],daily_only_or_16day_only_combinations,daily,"myd10, viirs_sr_vj209ga",,"myd10, myd10_2021, myd10_2022, myd10_2023, myd10_2024, myd10_2025, viirs_sr_vj209ga",,16466,7058,23524,23524,0,0.7774703063334077,0.09695701367362983,0.06653498685600631,-0.00022131801487914498,0.7689995110582855,0.0927113393205307,0.06197329095554358,-0.0012737474592640877,0.8181134688616198,0.11150341849217238,1.002235797340405,-0.0026506509001618106,0.8181134688616198,0.11150341849217238
84,daily[myd10+sice+gcomc+viirs_sr_vnp09ga],daily_only_or_16day_only_combinations,daily,"myd10, sice, gcomc, viirs_sr_vnp09ga",,"myd10, myd10_2021, myd10_2022, myd10_2023, myd10_2024, myd10_2025, sice, gcomc, viirs_sr_vnp09ga",,18329,7856,26185,26185,0,0.773937815521055,0.09425250333168925,0.0629355993577209,-0.0015021773616854899,0.7683631329596778,0.09342204777049219,0.06304291103863781,-0.0008984352501105547,0.8865433072689636,0.06806585480502658,1.000309411405424,-0.0010872375031469872,0.8865433072689636,0.06806585480502658
7,daily[viirs_sr_vj209ga],daily_only_or_16day_only_combinations,daily,viirs_sr_vj209ga,,viirs_sr_vj209ga,,1456,625,2081,2081,0,0.7033319435932498,0.08695368153438551,0.05625315596153846,-0.005681480109890111,0.7664013015497466,0.07604196934822148,0.05280865197158967,0.00046203061965695936,0.9516949576881959,0.02700353407283107,1.012973620775568,-0.008151233657719525,0.9516949576881959,0.02700353407283107
63,daily[viirs_sr_vnp09ga+viirs_sr_vj109ga+viirs_sr_vj209ga],daily_only_or_16day_only_combinations,daily,"viirs_sr_vnp09ga, viirs_sr_vj109ga, viirs_sr_vj209ga",,"viirs_sr_vnp09ga, viirs_sr_vj109ga, viirs_sr_vj209ga",,7855,3367,11222,11222,0,0.7639641155180574,0.07776249321898762,0.05050568418395926,-0.0026043385981328244,0.7662090674133577,0.07462013287140165,0.04905413964855074,0.0014156088354581472,0.9970823152814582,-0.0006751387630263839,0.9886417364941339,0.008896246679610198,0.9970823152814582,-0.0006751387630263839
117,daily[myd10+sice+viirs_sr_vnp09ga+viirs_sr_vj109ga+viirs_sr_vj209ga],daily_only_or_16day_only_combinations,daily,"myd10, sice, viirs_sr_vnp09ga, viirs_sr_vj109ga, viirs_sr_vj209ga",,"myd10, myd10_2021, myd10_2022, myd10_2023, myd10_2024, myd10_2025, sice, viirs_sr_vnp09ga, viirs_sr_vj109ga, viirs_sr_vj209ga",,18006,7718,25724,25724,0,0.765313440236456,0.0968177389695011,0.06426100613969882,-0.003261800342658929,0.7659261757400656,0.09353698308138522,0.06384522934070941,0.00013192823653572868,0.8750949537207318,0.07321467915137414,1.0059662696120548,-0.0035114216718886704,0.8750949537207318,0.07321467915137414
47,daily[myd10+sice+viirs_sr_vj209ga],daily_only_or_16day_only_combinations,daily,"myd10, sice, viirs_sr_vj209ga",,"myd10, myd10_2021, myd10_2022, myd10_2023, myd10_2024, myd10_2025, sice, viirs_sr_vj209ga",,17472,7488,24960,24960,0,0.7518208936213331,0.10126472397234818,0.06864476429218654,-0.0028953174201722756,0.7656218892352337,0.09384002390936967,0.0645176711297098,-0.0002622573755596262,0.8475653751174247,0.09023346314927339,1.0021881586737058,-0.0015923877434353972,0.8475653751174247,0.09023346314927339
88,daily[myd10+sice+viirs_sr_vnp09ga+viirs_sr_vj209ga],daily_only_or_16day_only_combinations,daily,"myd10, sice, viirs_sr_vnp09ga, viirs_sr_vj209ga",,"myd10, myd10_2021, myd10_2022, myd10_2023, myd10_2024, myd10_2025, sice, viirs_sr_vnp09ga, viirs_sr_vj209ga",,17882,7664,25546,25546,0,0.7617807115040107,0.09756665241375007,0.06481383405297692,-0.0035122734519069457,0.7640001249219542,0.09465311149183506,0.064634712700046,0.001562412711074177,0.8687187630233457,0.07678971254853528,1.00663103994924,-0.0024794281263971207,0.8687187630233457,0.07678971254853528
129,16day[viirs_vj143ma3_bluesky],daily_only_or_16day_only_combinations,16day,,viirs_vj143ma3_bluesky,,viirs_vj143ma3_bluesky,12245,5248,17493,0,17493,0.7743491288408616,0.10232702224005334,0.07515305729603919,0.027227382298897512,0.7629667471634346,0.09961063852357521,0.07116050829650472,-0.0011053218281884263,1.093148527518315,-0.02769820191629402,0.9974095043655261,0.0005029165669020452,1.093148527518315,-0.02769820191629402
45,daily[myd10+sice+viirs_sr_vnp09ga],daily_only_or_16day_only_combinations,daily,"myd10, sice, viirs_sr_vnp09ga",,"myd10, myd10_2021, myd10_2022, myd10_2023, myd10_2024, myd10_2025, sice, viirs_sr_vnp09ga",,17810,7634,25444,25444,0,0.7604237344707762,0.09806712010221716,0.06537614030475387,-0.0030949879916151975,0.7629264140774611,0.09468023337699813,0.06461956578809874,-0.0009225475144946935,0.8662625540614591,0.07886100194486001,1.0046252076868054,-0.003732340298529757,0.8662625540614591,0.07886100194486001
26,daily[viirs_sr_vnp09ga+viirs_sr_vj109ga],daily_only_or_16day_only_combinations,daily,"viirs_sr_vnp09ga, viirs_sr_vj109ga",,"viirs_sr_vnp09ga, viirs_sr_vj109ga",,7612,3263,10875,10875,0,0.7632196596974404,0.07712307504524687,0.04981035472806096,-0.00288881717813978,0.7626580481600357,0.07503136508341303,0.049913255749429876,0.0014952138979223604,0.9947891907315345,0.0005574891103142798,0.9924668918023617,0.006487542104231747,0.9947891907315345,0.0005574891103142798
96,daily[sice+gcomc+viirs_sr_vj109ga+viirs_sr_vj209ga],daily_only_or_16day_only_combinations,daily,"sice, gcomc, viirs_sr_vj109ga, viirs_sr_vj209ga",,"sice, gcomc, viirs_sr_vj109ga, viirs_sr_vj209ga",,8754,3752,12506,12506,0,0.7689007430440116,0.0935218262409138,0.06384470963886985,-0.004552605264602848,0.7626556893473802,0.09409495175321948,0.06423604536142212,0.0022417913847871417,1.0108863965686155,-0.011242272957647792,0.9830759228524302,0.012538523508288546,1.0108863965686155,-0.011242272957647792
86,daily[myd10+sice+gcomc+viirs_sr_vj209ga],daily_only_or_16day_only_combinations,daily,"myd10, sice, gcomc, viirs_sr_vj209ga",,"myd10, myd10_2021, myd10_2022, myd10_2023, myd10_2024, myd10_2025, sice, gcomc, viirs_sr_vj209ga",,18030,7728,25758,25758,0,0.7713395100914441,0.09609965128279238,0.06540699460435848,-0.0009155321672259201,0.7605383638987624,0.09464050805910561,0.06408692750698201,-0.0009102901775357366,0.8690634950729171,0.07913514677281785,1.0013041440917239,-0.0017076325386278235,0.8690634950729171,0.07913514677281785
46,daily[myd10+sice+viirs_sr_vj109ga],daily_only_or_16day_only_combinations,daily,"myd10, sice, viirs_sr_vj109ga",,"myd10, myd10_2021, myd10_2022, myd10_2023, myd10_2024, myd10_2025, sice, viirs_sr_vj109ga",,17574,7533,25107,25107,0,0.7604556323731808,0.09884749671982228,0.06714586048544725,-0.0033138935779608134,0.7596800317597624,0.09578238510623605,0.06542496704684558,0.00032487279580382846,0.8551017497615401,0.08532577372907135,1.0013596915367726,-0.0005024016984465085,0.8551017497615401,0.08532577372907135
87,daily[myd10+sice+viirs_sr_vnp09ga+viirs_sr_vj109ga],daily_only_or_16day_only_combinations,daily,"myd10, sice, viirs_sr_vnp09ga, viirs_sr_vj109ga",,"myd10, myd10_2021, myd10_2022, myd10_2023, myd10_2024, myd10_2025, sice, viirs_sr_vnp09ga, viirs_sr_vj109ga",,17952,7694,25646,25646,0,0.7675027557977864,0.09620672843252978,0.06414574456515058,-0.003630139007116199,0.7591451896507366,0.09575941239255152,0.06484460316674223,0.0010229144284695738,0.8724451672385625,0.07445094290523246,1.0088177372248626,-0.004360087224534515,0.8724451672385625,0.07445094290523246
89,daily[myd10+sice+viirs_sr_vj109ga+viirs_sr_vj209ga],daily_only_or_16day_only_combinations,daily,"myd10, sice, viirs_sr_vj109ga, viirs_sr_vj209ga",,"myd10, myd10_2021, myd10_2022, myd10_2023, myd10_2024, myd10_2025, sice, viirs_sr_vj109ga, viirs_sr_vj209ga",,17647,7564,25211,25211,0,0.7632045065769966,0.09841811158524393,0.0665096337848076,-0.0026820593883096276,0.7567412777801199,0.0957431957698221,0.06546694408813268,-0.0007243047915823655,0.8570454140545138,0.0846167054652418,1.0053000554885487,-0.003962960272969829,0.8570454140545138,0.0846167054652418
5,daily[viirs_sr_vnp09ga],daily_only_or_16day_only_combinations,daily,viirs_sr_vnp09ga,,viirs_sr_vnp09ga,,6594,2827,9421,9421,0,0.7574118504005032,0.07622847139728778,0.0493200505125872,-0.0018771193873218074,0.7544296296751295,0.07570084955211887,0.05018128908423886,-0.0011732392820576086,0.9866453710826599,0.007000422893612024,0.9964848154007834,0.001163211592984048,0.9866453710826599,0.007000422893612024
14,daily[myd10+sice],daily_only_or_16day_only_combinations,daily,"myd10, sice",,"myd10, myd10_2021, myd10_2022, myd10_2023, myd10_2024, myd10_2025, sice",,17355,7438,24793,24793,0,0.7537128869453145,0.10117533654349244,0.06919120335734659,-0.0029693736071017,0.7516136701581883,0.09711481255679931,0.06602220107935483,-0.001149082648001131,0.842131935563861,0.09347740807630056,1.0004022648593072,-0.0013933681338229587,0.842131935563861,0.09347740807630056
27,daily[viirs_sr_vnp09ga+viirs_sr_vj209ga],daily_only_or_16day_only_combinations,daily,"viirs_sr_vnp09ga, viirs_sr_vj209ga",,"viirs_sr_vnp09ga, viirs_sr_vj209ga",,7012,3006,10018,10018,0,0.7673994726937852,0.074677950662464,0.04935813903950371,-0.00023381246791215031,0.7433807997382461,0.07971447308140606,0.050786819431855694,-0.005098381938535652,0.9893521414615063,0.006843765184591621,0.9874495374976533,0.0031973098433750735,0.9893521414615063,0.006843765184591621
97,daily[sice+viirs_sr_vnp09ga+viirs_sr_vj109ga+viirs_sr_vj209ga],daily_only_or_16day_only_combinations,daily,"sice, viirs_sr_vnp09ga, viirs_sr_vj109ga, viirs_sr_vj209ga",,"sice, viirs_sr_vnp09ga, viirs_sr_vj109ga, viirs_sr_vj209ga",,10437,4474,14911,14911,0,0.7573816689882088,0.09262331540690837,0.06071296375059085,-0.004372619939486122,0.7379905710923902,0.09581013584520148,0.061881349337776545,-0.00018119012787046196,0.9979909773217639,-0.00312160847929821,0.978282701323137,0.013138383232089379,0.9979909773217639,-0.00312160847929821
58,daily[sice+viirs_sr_vnp09ga+viirs_sr_vj209ga],daily_only_or_16day_only_combinations,daily,"sice, viirs_sr_vnp09ga, viirs_sr_vj209ga",,"sice, viirs_sr_vnp09ga, viirs_sr_vj209ga",,10076,4319,14395,14395,0,0.7429367625457018,0.09540054156311424,0.06261188942363041,-0.003924366958201005,0.7366593767650472,0.09635774412845134,0.06267912840564802,2.6792227349415868e-05,0.980190022216265,0.008323172295785941,0.9980844018356121,0.0012010427626297782,0.980190022216265,0.008323172295785941
20,daily[sice+viirs_sr_vnp09ga],daily_only_or_16day_only_combinations,daily,"sice, viirs_sr_vnp09ga",,"sice, viirs_sr_vnp09ga",,9891,4240,14131,14131,0,0.7328386122749395,0.09701499831563323,0.06287462580189061,-0.003164871738297442,0.73622391183431,0.09766634900640957,0.06515387022109242,-0.002994223333772471,0.9626203130042239,0.019872138832537134,1.0293302464054728,-0.02099362974839003,0.9626203130042239,0.019872138832537134
73,daily[mod10+myd10+viirs_sr_vj109ga+viirs_sr_vj209ga],daily_only_or_16day_only_combinations,daily,"mod10, myd10, viirs_sr_vj109ga, viirs_sr_vj209ga",,"mod10, mod10_2020, mod10_2021, mod10_2022, mod10_2023, mod10_2024, mod10_2025, myd10, myd10_2021, myd10_2022, myd10_2023, myd10_2024, myd10_2025, viirs_sr_vj109ga, viirs_sr_vj209ga",,20498,8786,29284,29284,0,0.7112873231441341,0.1130228003845939,0.07339262399631673,-0.0073723945636728775,0.7345601117430801,0.10180865722348485,0.06791722275950487,0.0014701355412017718,0.8137828262164204,0.10822747899181961,1.017176546616569,-0.009029485829215145,0.8137828262164204,0.10822747899181961
106,daily[mod10+myd10+gcomc+viirs_sr_vnp09ga+viirs_sr_vj209ga],daily_only_or_16day_only_combinations,daily,"mod10, myd10, gcomc, viirs_sr_vnp09ga, viirs_sr_vj209ga",,"mod10, mod10_2020, mod10_2021, mod10_2022, mod10_2023, mod10_2024, mod10_2025, myd10, myd10_2021, myd10_2022, myd10_2023, myd10_2024, myd10_2025, gcomc, viirs_sr_vnp09ga, viirs_sr_vj209ga",,20967,8987,29954,29954,0,0.7192785427619618,0.10948262513707166,0.06998320240263031,-0.006578329014549054,0.7322904661371817,0.1019214468602873,0.06730655821813566,0.001183158026848692,0.8411854447611472,0.09190426523044148,0.9990873924118859,0.0017432356167200735,0.8411854447611472,0.09190426523044148
124,daily[mod10+myd10+gcomc+viirs_sr_vnp09ga+viirs_sr_vj109ga+viirs_sr_vj209ga],daily_only_or_16day_only_combinations,daily,"mod10, myd10, gcomc, viirs_sr_vnp09ga, viirs_sr_vj109ga, viirs_sr_vj209ga",,"mod10, mod10_2020, mod10_2021, mod10_2022, mod10_2023, mod10_2024, mod10_2025, myd10, myd10_2021, myd10_2022, myd10_2023, myd10_2024, myd10_2025, gcomc, viirs_sr_vnp09ga, viirs_sr_vj109ga, viirs_sr_vj209ga",,21045,9020,30065,30065,0,0.7214298926567463,0.108753399472687,0.06929658499275283,-0.006280396486417201,0.7313598778228528,0.10197667527367636,0.06688525297277323,-0.0011894028736336314,0.8464763852311594,0.08912049188474203,0.9970995673380609,0.0005880557094070094,0.8464763852311594,0.08912049188474203
6,daily[viirs_sr_vj109ga],daily_only_or_16day_only_combinations,daily,viirs_sr_vj109ga,,viirs_sr_vj109ga,,3529,1513,5042,5042,0,0.7384144219831158,0.08016889721191482,0.052641318073108526,-0.004331917534712383,0.7311368004353058,0.08037465097547028,0.052907007968072586,-0.0016994519149520666,0.9804115705446399,0.008905924424096101,0.9877301452207643,0.006483354548191267,0.9804115705446399,0.008905924424096101
30,daily[mod10+myd10+gcomc],daily_only_or_16day_only_combinations,daily,"mod10, myd10, gcomc",,"mod10, mod10_2020, mod10_2021, mod10_2022, mod10_2023, mod10_2024, mod10_2025, myd10, myd10_2021, myd10_2022, myd10_2023, myd10_2024, myd10_2025, gcomc",,20742,8890,29632,29632,0,0.7129741860270711,0.11169137202197517,0.07229771381908688,-0.006203059078319352,0.7310642243240952,0.10362339463908214,0.06937042397442462,0.0010607474595363201,0.8189381184790485,0.10611560338797899,1.0128956638573539,-0.0068279888755802265,0.8189381184790485,0.10611560338797899
57,daily[sice+viirs_sr_vnp09ga+viirs_sr_vj109ga],daily_only_or_16day_only_combinations,daily,"sice, viirs_sr_vnp09ga, viirs_sr_vj109ga",,"sice, viirs_sr_vnp09ga, viirs_sr_vj109ga",,10315,4421,14736,14736,0,0.7569971754550598,0.09296843277461982,0.06131041865559864,-0.004976896094764904,0.7280007676976544,0.09709474784905886,0.06189180379315729,0.0012913140788245797,0.9937283725640478,-0.0010850805339225333,0.9778940413271421,0.01490324489202366,0.9937283725640478,-0.0010850805339225333
8,daily[mod10+myd10],daily_only_or_16day_only_combinations,daily,"mod10, myd10",,"mod10, mod10_2020, mod10_2021, mod10_2022, mod10_2023, mod10_2024, mod10_2025, myd10, myd10_2021, myd10_2022, myd10_2023, myd10_2024, myd10_2025",,20309,8704,29013,29013,0,0.7087622599346531,0.1142320074846414,0.07487223160165445,-0.006363564870697719,0.7267733199932491,0.10410726579537039,0.07011881038552673,-0.0008276979097725959,0.8017517324741156,0.11651173180900343,1.0145026801530037,-0.009705210952960619,0.8017517324741156,0.11651173180900343
107,daily[mod10+myd10+gcomc+viirs_sr_vj109ga+viirs_sr_vj209ga],daily_only_or_16day_only_combinations,daily,"mod10, myd10, gcomc, viirs_sr_vj109ga, viirs_sr_vj209ga",,"mod10, mod10_2020, mod10_2021, mod10_2022, mod10_2023, mod10_2024, mod10_2025, myd10, myd10_2021, myd10_2022, myd10_2023, myd10_2024, myd10_2025, gcomc, viirs_sr_vj109ga, viirs_sr_vj209ga",,20882,8950,29832,29832,0,0.7192000667242792,0.1102839952716783,0.07119887566872106,-0.005808542342851898,0.7260222423085313,0.10302362947500437,0.06823672016490326,-0.0004118422425423278,0.8311624985202162,0.09873789664931365,1.0019209399742248,-0.0015942840097635802,0.8311624985202162,0.09873789664931365
68,daily[mod10+myd10+gcomc+viirs_sr_vnp09ga],daily_only_or_16day_only_combinations,daily,"mod10, myd10, gcomc, viirs_sr_vnp09ga",,"mod10, mod10_2020, mod10_2021, mod10_2022, mod10_2023, mod10_2024, mod10_2025, myd10, myd10_2021, myd10_2022, myd10_2023, myd10_2024, myd10_2025, gcomc, viirs_sr_vnp09ga",,20939,8975,29914,29914,0,0.7214373920079626,0.10902882996446123,0.07012843102959788,-0.006442682787394335,0.7256351048892846,0.10376202152998554,0.0678300197624971,0.00024139572434531806,0.8386863731599041,0.09367459807024547,1.0020795563963518,-0.0010332648522916044,0.8386863731599041,0.09367459807024547
19,daily[sice+gcomc],daily_only_or_16day_only_combinations,daily,"sice, gcomc",,"sice, gcomc",,8179,3506,11685,11685,0,0.7527980793178527,0.09617662203647889,0.06698833950482945,-0.0027779318278518153,0.7254130815010505,0.10245224159252755,0.06955220817802182,-0.0009358490857140616,0.983198818677706,0.007436595436080218,0.986636347118106,0.007124990408461707,0.983198818677706,0.007436595436080218
42,daily[mod10+viirs_sr_vnp09ga+viirs_sr_vj209ga],daily_only_or_16day_only_combinations,daily,"mod10, viirs_sr_vnp09ga, viirs_sr_vj209ga",,"mod10, mod10_2020, mod10_2021, mod10_2022, mod10_2023, mod10_2024, mod10_2025, viirs_sr_vnp09ga, viirs_sr_vj209ga",,19268,8258,27526,27526,0,0.7049514072342938,0.11263470813823268,0.0723173911857311,-0.008039862025292367,0.7249290371757817,0.10340417293253283,0.06892915172553438,-2.839214562758638e-05,0.8127383551654614,0.10889332074220426,1.0197946098833046,-0.012147697807024405,0.8127383551654614,0.10889332074220426
120,daily[mod10+myd10+sice+gcomc+viirs_sr_vnp09ga+viirs_sr_vj109ga],daily_only_or_16day_only_combinations,daily,"mod10, myd10, sice, gcomc, viirs_sr_vnp09ga, viirs_sr_vj109ga",,"mod10, mod10_2020, mod10_2021, mod10_2022, mod10_2023, mod10_2024, mod10_2025, myd10, myd10_2021, myd10_2022, myd10_2023, myd10_2024, myd10_2025, sice, gcomc, viirs_sr_vnp09ga, viirs_sr_vj109ga",,21249,9108,30357,30357,0,0.7151228157834618,0.10938971963563936,0.07004160543473967,-0.007757517313286116,0.7243613828916566,0.10449079120110569,0.06943756345789065,0.0001339663420339554,0.8556414484322267,0.08179356849693853,1.0078355680045312,-0.0046620318167658326,0.8556414484322267,0.08179356849693853
113,daily[mod10+gcomc+viirs_sr_vnp09ga+viirs_sr_vj109ga+viirs_sr_vj209ga],daily_only_or_16day_only_combinations,daily,"mod10, gcomc, viirs_sr_vnp09ga, viirs_sr_vj109ga, viirs_sr_vj209ga",,"mod10, mod10_2020, mod10_2021, mod10_2022, mod10_2023, mod10_2024, mod10_2025, gcomc, viirs_sr_vnp09ga, viirs_sr_vj109ga, viirs_sr_vj209ga",,19947,8550,28497,28497,0,0.7150048441642517,0.1088215592816085,0.06925865297193229,-0.00655467527818051,0.7232087654716131,0.10361641944150421,0.06797949192606038,-0.0020000265922891004,0.8406437013307484,0.09267147807781384,1.0079030070466592,-0.00687655650320218,0.8406437013307484,0.09267147807781384
32,daily[mod10+myd10+viirs_sr_vj109ga],daily_only_or_16day_only_combinations,daily,"mod10, myd10, viirs_sr_vj109ga",,"mod10, mod10_2020, mod10_2021, mod10_2022, mod10_2023, mod10_2024, mod10_2025, myd10, myd10_2021, myd10_2022, myd10_2023, myd10_2024, myd10_2025, viirs_sr_vj109ga",,20455,8767,29222,29222,0,0.715346864214326,0.11190411258033901,0.07312913857663979,-0.0068101578963334145,0.7231596843953206,0.1046743187601247,0.06903070439018805,-0.0012693685314267027,0.8150832291964419,0.1081420891264151,1.002662356779257,-0.00289462032351806,0.8150832291964419,0.1081420891264151
105,daily[mod10+myd10+gcomc+viirs_sr_vnp09ga+viirs_sr_vj109ga],daily_only_or_16day_only_combinations,daily,"mod10, myd10, gcomc, viirs_sr_vnp09ga, viirs_sr_vj109ga",,"mod10, mod10_2020, mod10_2021, mod10_2022, mod10_2023, mod10_2024, mod10_2025, myd10, myd10_2021, myd10_2022, myd10_2023, myd10_2024, myd10_2025, gcomc, viirs_sr_vnp09ga, viirs_sr_vj109ga",,21021,9010,30031,30031,0,0.7247959797973114,0.10812343562415215,0.06921268138878266,-0.006274278739517625,0.722884852410652,0.103977352210386,0.06806442810102799,-0.000725324606100997,0.8446691709759436,0.09004350433799169,0.9996412459911714,-0.0005045549872187971,0.8446691709759436,0.09004350433799169
33,daily[mod10+myd10+viirs_sr_vj209ga],daily_only_or_16day_only_combinations,daily,"mod10, myd10, viirs_sr_vj209ga",,"mod10, mod10_2020, mod10_2021, mod10_2022, mod10_2023, mod10_2024, mod10_2025, myd10, myd10_2021, myd10_2022, myd10_2023, myd10_2024, myd10_2025, viirs_sr_vj209ga",,20371,8731,29102,29102,0,0.7123199263171787,0.1135336983446944,0.07414019247161815,-0.006667038397574983,0.7227815140548608,0.10371883480879916,0.06955612049404589,0.001103428266832858,0.8082319159963783,0.11204165534932187,1.0032511483844455,-0.0008902341489354093,0.8082319159963783,0.11204165534932187
72,daily[mod10+myd10+viirs_sr_vnp09ga+viirs_sr_vj209ga],daily_only_or_16day_only_combinations,daily,"mod10, myd10, viirs_sr_vnp09ga, viirs_sr_vj209ga",,"mod10, mod10_2020, mod10_2021, mod10_2022, mod10_2023, mod10_2024, mod10_2025, myd10, myd10_2021, myd10_2022, myd10_2023, myd10_2024, myd10_2025, viirs_sr_vnp09ga, viirs_sr_vj209ga",,20593,8826,29419,29419,0,0.7185145765350596,0.11061259448209892,0.07149076983364898,-0.0072153025181534184,0.7222786597465263,0.10411712630726423,0.06826808525240877,0.0007805925286232362,0.8277000326711261,0.09967196929956879,0.997137450139973,0.002534198872629956,0.8277000326711261,0.09967196929956879
31,daily[mod10+myd10+viirs_sr_vnp09ga],daily_only_or_16day_only_combinations,daily,"mod10, myd10, viirs_sr_vnp09ga",,"mod10, mod10_2020, mod10_2021, mod10_2022, mod10_2023, mod10_2024, mod10_2025, myd10, myd10_2021, myd10_2022, myd10_2023, myd10_2024, myd10_2025, viirs_sr_vnp09ga",,20551,8808,29359,29359,0,0.7176485332531535,0.11088911911619964,0.07140003324646002,-0.006852116761520122,0.7221176043754367,0.10443496423352794,0.06915637093668073,-0.0008985128148560005,0.8245593138712859,0.10202185152377297,1.0005370661473432,-0.001227487884746692,0.8245593138712859,0.10202185152377297
82,daily[mod10+gcomc+viirs_sr_vj109ga+viirs_sr_vj209ga],daily_only_or_16day_only_combinations,daily,"mod10, gcomc, viirs_sr_vj109ga, viirs_sr_vj209ga",,"mod10, mod10_2020, mod10_2021, mod10_2022, mod10_2023, mod10_2024, mod10_2025, gcomc, viirs_sr_vj109ga, viirs_sr_vj209ga",,19611,8406,28017,28017,0,0.7041185618238442,0.11305070401615172,0.07256248402557239,-0.007217707950903405,0.7217831724575346,0.10304062131286511,0.06888524521209974,0.0018028890158214071,0.8157582992178323,0.10746090646779471,1.0093364696669433,-0.003936696509781568,0.8157582992178323,0.10746090646779471
28,daily[viirs_sr_vj109ga+viirs_sr_vj209ga],daily_only_or_16day_only_combinations,daily,"viirs_sr_vj109ga, viirs_sr_vj209ga",,"viirs_sr_vj109ga, viirs_sr_vj209ga",,3970,1702,5672,5672,0,0.7551648355910636,0.0783441724559098,0.052126294040302265,-0.003411752017632242,0.7210143970172015,0.08546022338904008,0.05513405694958313,-0.0014458557430027644,0.9795076093083223,0.010327397933372673,1.0037561258169807,-0.003936003731718096,0.9795076093083223,0.010327397933372673
38,daily[mod10+gcomc+viirs_sr_vnp09ga],daily_only_or_16day_only_combinations,daily,"mod10, gcomc, viirs_sr_vnp09ga",,"mod10, mod10_2020, mod10_2021, mod10_2022, mod10_2023, mod10_2024, mod10_2025, gcomc, viirs_sr_vnp09ga",,19773,8475,28248,28248,0,0.7130328283960667,0.10994425110281618,0.07022766465479863,-0.007376420449451273,0.7209382202551393,0.10346049281088085,0.0683350345260269,0.00116640831793961,0.8344308043213692,0.09579675032517876,1.0003217068988361,0.0009688637207155848,0.8344308043213692,0.09579675032517876
71,daily[mod10+myd10+viirs_sr_vnp09ga+viirs_sr_vj109ga],daily_only_or_16day_only_combinations,daily,"mod10, myd10, viirs_sr_vnp09ga, viirs_sr_vj109ga",,"mod10, mod10_2020, mod10_2021, mod10_2022, mod10_2023, mod10_2024, mod10_2025, myd10, myd10_2021, myd10_2022, myd10_2023, myd10_2024, myd10_2025, viirs_sr_vnp09ga, viirs_sr_vj109ga",,20650,8851,29501,29501,0,0.7213301028784552,0.10996429693650508,0.07060013700179985,-0.006717321055536723,0.7202280359295189,0.1041507573811186,0.06850976560018192,-0.001749340783000184,0.8313054223509825,0.09791333552362735,1.0003135866566952,-0.001942104159513236,0.8313054223509825,0.09791333552362735
83,daily[mod10+viirs_sr_vnp09ga+viirs_sr_vj109ga+viirs_sr_vj209ga],daily_only_or_16day_only_combinations,daily,"mod10, viirs_sr_vnp09ga, viirs_sr_vj109ga, viirs_sr_vj209ga",,"mod10, mod10_2020, mod10_2021, mod10_2022, mod10_2023, mod10_2024, mod10_2025, viirs_sr_vnp09ga, viirs_sr_vj109ga, viirs_sr_vj209ga",,19427,8327,27754,27754,0,0.7107125628387749,0.11100485201209367,0.07086970188272336,-0.008225398569568127,0.719029705025627,0.10375979723314696,0.06885581683832778,0.00033753741480750215,0.8245402809734466,0.10118155970407494,1.0042127628259305,-0.0022548076288000374,0.8245402809734466,0.10118155970407494
99,daily[mod10+myd10+sice+gcomc+viirs_sr_vnp09ga],daily_only_or_16day_only_combinations,daily,"mod10, myd10, sice, gcomc, viirs_sr_vnp09ga",,"mod10, mod10_2020, mod10_2021, mod10_2022, mod10_2023, mod10_2024, mod10_2025, myd10, myd10_2021, myd10_2022, myd10_2023, myd10_2024, myd10_2025, sice, gcomc, viirs_sr_vnp09ga",,21181,9078,30259,30259,0,0.715401693927904,0.10983241546592463,0.0704264271487473,-0.00729964894207938,0.7184371602982234,0.10491570389701378,0.06993670287317456,-0.0005784052030277609,0.8525367915495907,0.08406225619704111,1.003851034107907,-0.0029388576853344173,0.8525367915495907,0.08406225619704111
123,daily[mod10+myd10+sice+viirs_sr_vnp09ga+viirs_sr_vj109ga+viirs_sr_vj209ga],daily_only_or_16day_only_combinations,daily,"mod10, myd10, sice, viirs_sr_vnp09ga, viirs_sr_vj109ga, viirs_sr_vj209ga",,"mod10, mod10_2020, mod10_2021, mod10_2022, mod10_2023, mod10_2024, mod10_2025, myd10, myd10_2021, myd10_2022, myd10_2023, myd10_2024, myd10_2025, sice, viirs_sr_vnp09ga, viirs_sr_vj109ga, viirs_sr_vj209ga",,20990,8996,29986,29986,0,0.7120724647887218,0.11048684264019891,0.0709556910834556,-0.008137661681892965,0.7181341501095504,0.1062591872905676,0.07073518565587628,-0.001101669609567649,0.8441532556339794,0.08853316741801631,1.0170343567729294,-0.011517815820591526,0.8441532556339794,0.08853316741801631
41,daily[mod10+viirs_sr_vnp09ga+viirs_sr_vj109ga],daily_only_or_16day_only_combinations,daily,"mod10, viirs_sr_vnp09ga, viirs_sr_vj109ga",,"mod10, mod10_2020, mod10_2021, mod10_2022, mod10_2023, mod10_2024, mod10_2025, viirs_sr_vnp09ga, viirs_sr_vj109ga",,19366,8300,27666,27666,0,0.7112167828714885,0.11096280399339936,0.07105698832605253,-0.008585048580415849,0.717155907422861,0.10433932566544674,0.06866330034177687,0.0006135751269962781,0.823362399122513,0.10171588492051165,1.0018875934263523,-0.0005445031765155539,0.823362399122513,0.10171588492051165
103,daily[mod10+myd10+sice+viirs_sr_vnp09ga+viirs_sr_vj209ga],daily_only_or_16day_only_combinations,daily,"mod10, myd10, sice, viirs_sr_vnp09ga, viirs_sr_vj209ga",,"mod10, mod10_2020, mod10_2021, mod10_2022, mod10_2023, mod10_2024, mod10_2025, myd10, myd10_2021, myd10_2022, myd10_2023, myd10_2024, myd10_2025, sice, viirs_sr_vnp09ga, viirs_sr_vj209ga",,20916,8965,29881,29881,0,0.7099931563701118,0.11156272653484635,0.07200490406495824,-0.008481774572400715,0.716843290710295,0.10504605716605571,0.06971691470805139,0.0010803166274165233,0.8439196912810604,0.08813373639531541,0.9996372340103603,0.0013024761971961452,0.8439196912810604,0.08813373639531541
127,daily[mod10+myd10+sice+gcomc+viirs_sr_vnp09ga+viirs_sr_vj109ga+viirs_sr_vj209ga],daily_only_or_16day_only_combinations,daily,"mod10, myd10, sice, gcomc, viirs_sr_vnp09ga, viirs_sr_vj109ga, viirs_sr_vj209ga",,"mod10, mod10_2020, mod10_2021, mod10_2022, mod10_2023, mod10_2024, mod10_2025, myd10, myd10_2021, myd10_2022, myd10_2023, myd10_2024, myd10_2025, sice, gcomc, viirs_sr_vnp09ga, viirs_sr_vj109ga, viirs_sr_vj209ga",,21271,9117,30388,30388,0,0.718855005372192,0.10852198998289471,0.06937553009995938,-0.007366949731754502,0.71675432117901,0.1060033683410728,0.07027120508759481,-0.0002573353526753895,0.8579639147707294,0.08054047007983756,1.0029492992874323,-0.0020711648395124183,0.8579639147707294,0.08054047007983756
108,daily[mod10+myd10+viirs_sr_vnp09ga+viirs_sr_vj109ga+viirs_sr_vj209ga],daily_only_or_16day_only_combinations,daily,"mod10, myd10, viirs_sr_vnp09ga, viirs_sr_vj109ga, viirs_sr_vj209ga",,"mod10, mod10_2020, mod10_2021, mod10_2022, mod10_2023, mod10_2024, mod10_2025, myd10, myd10_2021, myd10_2022, myd10_2023, myd10_2024, myd10_2025, viirs_sr_vnp09ga, viirs_sr_vj109ga, viirs_sr_vj209ga",,20686,8866,29552,29552,0,0.7232721019700601,0.1092850619773783,0.07048205485400592,-0.006806887182450289,0.7165474819859241,0.10508910246634261,0.06844775141764929,-0.0014700946712757615,0.8340129046383561,0.09624193348726218,0.9954048187753369,0.001349114552989139,0.8340129046383561,0.09624193348726218
70,daily[mod10+myd10+gcomc+viirs_sr_vj209ga],daily_only_or_16day_only_combinations,daily,"mod10, myd10, gcomc, viirs_sr_vj209ga",,"mod10, mod10_2020, mod10_2021, mod10_2022, mod10_2023, mod10_2024, mod10_2025, myd10, myd10_2021, myd10_2022, myd10_2023, myd10_2024, myd10_2025, gcomc, viirs_sr_vj209ga",,20784,8908,29692,29692,0,0.7206839064555594,0.1100095146076742,0.07187586166355531,-0.005312768235774313,0.7161912895587484,0.10605202543071016,0.06917497702781679,-0.0009332811790867467,0.825072231209509,0.10297358028865422,0.9990517791747612,-0.00035022887232227795,0.825072231209509,0.10297358028865422
80,daily[mod10+gcomc+viirs_sr_vnp09ga+viirs_sr_vj109ga],daily_only_or_16day_only_combinations,daily,"mod10, gcomc, viirs_sr_vnp09ga, viirs_sr_vj109ga",,"mod10, mod10_2020, mod10_2021, mod10_2022, mod10_2023, mod10_2024, mod10_2025, gcomc, viirs_sr_vnp09ga, viirs_sr_vj109ga",,19907,8532,28439,28439,0,0.7179232008874062,0.10858863089989503,0.06931831119911755,-0.00747639219174997,0.7160348351868189,0.10415192222695659,0.0681109001994273,0.0010697004875073527,0.8427301905336863,0.09038372121521132,0.9942591290550623,0.004612453659596283,0.8427301905336863,0.09038372121521132
65,daily[mod10+myd10+sice+viirs_sr_vnp09ga],daily_only_or_16day_only_combinations,daily,"mod10, myd10, sice, viirs_sr_vnp09ga",,"mod10, mod10_2020, mod10_2021, mod10_2022, mod10_2023, mod10_2024, mod10_2025, myd10, myd10_2021, myd10_2022, myd10_2023, myd10_2024, myd10_2025, sice, viirs_sr_vnp09ga",,20884,8951,29835,29835,0,0.7094733071939694,0.11145835277569224,0.07183777236967295,-0.007682242010330874,0.7151459193088595,0.10629209758396718,0.07089837434022288,-0.0023220670476028775,0.8402398315696648,0.09133045071655166,1.0062249577829399,-0.006131016429937408,0.8402398315696648,0.09133045071655166
13,daily[mod10+viirs_sr_vj209ga],daily_only_or_16day_only_combinations,daily,"mod10, viirs_sr_vj209ga",,"mod10, mod10_2020, mod10_2021, mod10_2022, mod10_2023, mod10_2024, mod10_2025, viirs_sr_vj209ga",,18781,8049,26830,26830,0,0.6927503561062641,0.11831101374495767,0.07689247561035088,-0.007282138406474628,0.7145357184893404,0.10407346268678493,0.07065523366220022,0.001413169091931631,0.7814636431188801,0.12839458663502828,1.0110075529698153,-0.005363947556958459,0.7814636431188801,0.12839458663502828
75,daily[mod10+sice+gcomc+viirs_sr_vj109ga],daily_only_or_16day_only_combinations,daily,"mod10, sice, gcomc, viirs_sr_vj109ga",,"mod10, mod10_2020, mod10_2021, mod10_2022, mod10_2023, mod10_2024, mod10_2025, sice, gcomc, viirs_sr_vj109ga",,19936,8544,28480,28480,0,0.695244985869501,0.11391883616734022,0.07352443441234868,-0.00855738790341175,0.7144043989224161,0.10520612310838728,0.07107421774591291,0.0005474777649393464,0.8340908022852631,0.09447891055440338,1.0025403377258955,-0.0010091728832538616,0.8340908022852631,0.09447891055440338
64,daily[mod10+myd10+sice+gcomc],daily_only_or_16day_only_combinations,daily,"mod10, myd10, sice, gcomc",,"mod10, mod10_2020, mod10_2021, mod10_2022, mod10_2023, mod10_2024, mod10_2025, myd10, myd10_2021, myd10_2022, myd10_2023, myd10_2024, myd10_2025, sice, gcomc",,21008,9004,30012,30012,0,0.7113449750547413,0.11101434569177342,0.07233833909832366,-0.006923148725299093,0.7142018267667425,0.10715129498868715,0.07128914870375656,-0.0007952734996162928,0.8367433033434644,0.09411737986299973,1.006960213898389,-0.005062168966631253,0.8367433033434644,0.09411737986299973
101,daily[mod10+myd10+sice+gcomc+viirs_sr_vj209ga],daily_only_or_16day_only_combinations,daily,"mod10, myd10, sice, gcomc, viirs_sr_vj209ga",,"mod10, mod10_2020, mod10_2021, mod10_2022, mod10_2023, mod10_2024, mod10_2025, myd10, myd10_2021, myd10_2022, myd10_2023, myd10_2024, myd10_2025, sice, gcomc, viirs_sr_vj209ga",,21046,9020,30066,30066,0,0.7127679019741952,0.11079503780081788,0.07193791148533053,-0.006607603729524217,0.7140639335868827,0.1062503424104932,0.07097523006554424,-0.0018375638586531288,0.8419133856601596,0.09132239920067575,0.9953567905694971,0.0010054271143199456,0.8419133856601596,0.09132239920067575
11,daily[mod10+viirs_sr_vnp09ga],daily_only_or_16day_only_combinations,daily,"mod10, viirs_sr_vnp09ga",,"mod10, mod10_2020, mod10_2021, mod10_2022, mod10_2023, mod10_2024, mod10_2025, viirs_sr_vnp09ga",,19185,8223,27408,27408,0,0.7089334945780543,0.11218818008825954,0.07210084354576492,-0.0077700233867344275,0.7131740680499595,0.10499842481942362,0.06996395123106104,-0.000491148297965567,0.8139656355009742,0.10811351676292469,1.0029658655966556,-0.0023150528508101287,0.8139656355009742,0.10811351676292469
122,daily[mod10+myd10+sice+gcomc+viirs_sr_vj109ga+viirs_sr_vj209ga],daily_only_or_16day_only_combinations,daily,"mod10, myd10, sice, gcomc, viirs_sr_vj109ga, viirs_sr_vj209ga",,"mod10, mod10_2020, mod10_2021, mod10_2022, mod10_2023, mod10_2024, mod10_2025, myd10, myd10_2021, myd10_2022, myd10_2023, myd10_2024, myd10_2025, sice, gcomc, viirs_sr_vj109ga, viirs_sr_vj209ga",,21122,9053,30175,30175,0,0.7164035667092842,0.10969951384676295,0.07113358660384513,-0.006157857504170217,0.712153000472381,0.10668252418898917,0.07019583011478188,-0.0033447514392114627,0.8479717382009508,0.08786470237740074,0.9919657950633408,0.0016019749534070815,0.8479717382009508,0.08786470237740074
34,daily[mod10+sice+gcomc],daily_only_or_16day_only_combinations,daily,"mod10, sice, gcomc",,"mod10, mod10_2020, mod10_2021, mod10_2022, mod10_2023, mod10_2024, mod10_2025, sice, gcomc",,19775,8475,28250,28250,0,0.6916063027604604,0.11519087951712854,0.07464976998377582,-0.007669032997378844,0.7117539751901584,0.10555276935520584,0.0716195853991343,-0.0013470070596443469,0.8253419892563086,0.10058769772370202,1.0056450914736845,-0.0048129468749607,0.8253419892563086,0.10058769772370202
67,daily[mod10+myd10+sice+viirs_sr_vj209ga],daily_only_or_16day_only_combinations,daily,"mod10, myd10, sice, viirs_sr_vj209ga",,"mod10, mod10_2020, mod10_2021, mod10_2022, mod10_2023, mod10_2024, mod10_2025, myd10, myd10_2021, myd10_2022, myd10_2023, myd10_2024, myd10_2025, sice, viirs_sr_vj209ga",,20734,8886,29620,29620,0,0.7059601494129805,0.11322193505387904,0.07386756848476335,-0.0076111409786461855,0.7111744925016489,0.10676414977002001,0.07149266524119414,-0.0007287961948182937,0.8267578746700551,0.09945892949766277,1.005172980940004,-0.003901609057277655,0.8267578746700551,0.09945892949766277
100,daily[mod10+myd10+sice+gcomc+viirs_sr_vj109ga],daily_only_or_16day_only_combinations,daily,"mod10, myd10, sice, gcomc, viirs_sr_vj109ga",,"mod10, mod10_2020, mod10_2021, mod10_2022, mod10_2023, mod10_2024, mod10_2025, myd10, myd10_2021, myd10_2022, myd10_2023, myd10_2024, myd10_2025, sice, gcomc, viirs_sr_vj109ga",,21097,9042,30139,30139,0,0.7163620606125701,0.11002248954463878,0.07146732862362105,-0.007012370691834542,0.7104110957258036,0.1067732009066403,0.07039831857371086,-0.0008908571086576057,0.8453031317225318,0.08870353700098133,0.9964456343870357,0.00129333280608801,0.8453031317225318,0.08870353700098133
21,daily[sice+viirs_sr_vj109ga],daily_only_or_16day_only_combinations,daily,"sice, viirs_sr_vj109ga",,"sice, viirs_sr_vj109ga",,7185,3080,10265,10265,0,0.7095271229342291,0.10650417971600487,0.07063059012338205,-0.007001177392275574,0.7096903237091633,0.10691731202457619,0.07158001297966725,0.0021243951989284764,0.9549904705995227,0.02015181543467437,0.9974747896861502,0.0036245835079120603,0.9549904705995227,0.02015181543467437
110,daily[mod10+sice+gcomc+viirs_sr_vnp09ga+viirs_sr_vj209ga],daily_only_or_16day_only_combinations,daily,"mod10, sice, gcomc, viirs_sr_vnp09ga, viirs_sr_vj209ga",,"mod10, mod10_2020, mod10_2021, mod10_2022, mod10_2023, mod10_2024, mod10_2025, sice, gcomc, viirs_sr_vnp09ga, viirs_sr_vj209ga",,20184,8651,28835,28835,0,0.7072093078076889,0.11033450963702078,0.07070232485788332,-0.008177746628582871,0.7095046554124128,0.10659385343480728,0.07090727848675453,-0.0006673641366748421,0.8529763526359381,0.08319009201808902,1.005855891500152,-0.0042552057491804796,0.8529763526359381,0.08319009201808902
29,daily[mod10+myd10+sice],daily_only_or_16day_only_combinations,daily,"mod10, myd10, sice",,"mod10, mod10_2020, mod10_2021, mod10_2022, mod10_2023, mod10_2024, mod10_2025, myd10, myd10_2021, myd10_2022, myd10_2023, myd10_2024, myd10_2025, sice",,20686,8866,29552,29552,0,0.7049378742366391,0.11357874098236116,0.07446045711186712,-0.007530083018607592,0.7084826053725137,0.10762233823854085,0.07207828104754048,-0.0015824431791860141,0.8228451767637956,0.10199518246377015,1.0078310007406572,-0.006384003212863254,0.8228451767637956,0.10199518246377015
74,daily[mod10+sice+gcomc+viirs_sr_vnp09ga],daily_only_or_16day_only_combinations,daily,"mod10, sice, gcomc, viirs_sr_vnp09ga",,"mod10, mod10_2020, mod10_2021, mod10_2022, mod10_2023, mod10_2024, mod10_2025, sice, gcomc, viirs_sr_vnp09ga",,20141,8632,28773,28773,0,0.7067028081645641,0.1108391191157846,0.07129496349928834,-0.007795623402123363,0.7082566162185027,0.1061065167132081,0.07020791382892433,-0.001687698609499606,0.851091198622658,0.08457031656832403,1.0064766517256927,-0.005672358353492668,0.851091198622658,0.08457031656832403
121,daily[mod10+myd10+sice+gcomc+viirs_sr_vnp09ga+viirs_sr_vj209ga],daily_only_or_16day_only_combinations,daily,"mod10, myd10, sice, gcomc, viirs_sr_vnp09ga, viirs_sr_vj209ga",,"mod10, mod10_2020, mod10_2021, mod10_2022, mod10_2023, mod10_2024, mod10_2025, myd10, myd10_2021, myd10_2022, myd10_2023, myd10_2024, myd10_2025, sice, gcomc, viirs_sr_vnp09ga, viirs_sr_vj209ga",,21207,9089,30296,30296,0,0.7212631732353005,0.10842374022529633,0.06998108688083338,-0.00732899389259364,0.7066507763922156,0.10735814028115484,0.07016449538890983,-9.010969959004913e-05,0.8567890993871237,0.0813579234058297,0.9929334311563458,0.004244405301250587,0.8567890993871237,0.0813579234058297
102,daily[mod10+myd10+sice+viirs_sr_vnp09ga+viirs_sr_vj109ga],daily_only_or_16day_only_combinations,daily,"mod10, myd10, sice, viirs_sr_vnp09ga, viirs_sr_vj109ga",,"mod10, mod10_2020, mod10_2021, mod10_2022, mod10_2023, mod10_2024, mod10_2025, myd10, myd10_2021, myd10_2022, myd10_2023, myd10_2024, myd10_2025, sice, viirs_sr_vnp09ga, viirs_sr_vj109ga",,20963,8985,29948,29948,0,0.7165472920638318,0.11011154539889223,0.0709951839103007,-0.008553027352098142,0.7060172968718347,0.10698232389115292,0.07049158468024298,0.00034364380512066667,0.8491933960020548,0.08488269798178705,0.9917302402096675,0.005408701274926431,0.8491933960020548,0.08488269798178705
78,daily[mod10+sice+viirs_sr_vnp09ga+viirs_sr_vj209ga],daily_only_or_16day_only_combinations,daily,"mod10, sice, viirs_sr_vnp09ga, viirs_sr_vj209ga",,"mod10, mod10_2020, mod10_2021, mod10_2022, mod10_2023, mod10_2024, mod10_2025, sice, viirs_sr_vnp09ga, viirs_sr_vj209ga",,19784,8480,28264,28264,0,0.6985950899592964,0.11311989576773993,0.07292604255334699,-0.008870958238336533,0.7054394759847782,0.1064553873407657,0.07056106827092622,-0.0016181585672406372,0.8409874893696802,0.08981886115440452,0.9954621220693696,0.0011639895004040834,0.8409874893696802,0.08981886115440452
77,daily[mod10+sice+viirs_sr_vnp09ga+viirs_sr_vj109ga],daily_only_or_16day_only_combinations,daily,"mod10, sice, viirs_sr_vnp09ga, viirs_sr_vj109ga",,"mod10, mod10_2020, mod10_2021, mod10_2022, mod10_2023, mod10_2024, mod10_2025, sice, viirs_sr_vnp09ga, viirs_sr_vj109ga",,19857,8511,28368,28368,0,0.7014546042555035,0.11235296092880938,0.0718784156555161,-0.010025364123184938,0.7052623219232769,0.10669576843043059,0.07170520389800931,0.00028051316851824024,0.8449793784722672,0.08652658507667588,0.9963612148744502,0.0024985247239263098,0.8449793784722672,0.08652658507667588
1,daily[mod10],daily_only_or_16day_only_combinations,daily,mod10,,"mod10, mod10_2020, mod10_2021, mod10_2022, mod10_2023, mod10_2024, mod10_2025",,18628,7984,26612,26612,0,0.6942707481381388,0.11809609675194421,0.07743374146988406,-0.007011181071988405,0.7048428944996116,0.1066083016457227,0.071160478357559,-0.0011481902307363036,0.7788708992823612,0.13059135530534216,0.9964977327299348,0.0009996370460790827,0.7788708992823612,0.13059135530534216
22,daily[sice+viirs_sr_vj209ga],daily_only_or_16day_only_combinations,daily,"sice, viirs_sr_vj209ga",,"sice, viirs_sr_vj209ga",,6480,2778,9258,9258,0,0.6665599226872378,0.11593591117978722,0.07677833300347223,-0.0036175478051697534,0.7038499066706645,0.10759748620434371,0.07540920554757534,-0.003361975117739036,0.921034591223957,0.04269148597491379,1.0312712278616163,-0.021652141071650588,0.921034591223957,0.04269148597491379
39,daily[mod10+gcomc+viirs_sr_vj109ga],daily_only_or_16day_only_combinations,daily,"mod10, gcomc, viirs_sr_vj109ga",,"mod10, mod10_2020, mod10_2021, mod10_2022, mod10_2023, mod10_2024, mod10_2025, gcomc, viirs_sr_vj109ga",,19558,8382,27940,27940,0,0.7117983859168748,0.11175549481158341,0.07208685445973516,-0.006710971208652895,0.7026402422578848,0.1063270902739822,0.07010527381578949,-0.0003861344897336646,0.8170253529956907,0.10725473598795987,0.9958792753150982,0.002147014091202437,0.8170253529956907,0.10725473598795987
66,daily[mod10+myd10+sice+viirs_sr_vj109ga],daily_only_or_16day_only_combinations,daily,"mod10, myd10, sice, viirs_sr_vj109ga",,"mod10, mod10_2020, mod10_2021, mod10_2022, mod10_2023, mod10_2024, mod10_2025, myd10, myd10_2021, myd10_2022, myd10_2023, myd10_2024, myd10_2025, sice, viirs_sr_vj109ga",,20792,8912,29704,29704,0,0.7127926554646336,0.11125274657786945,0.07272037189384539,-0.007565406635540912,0.7025112893242982,0.10897258264537191,0.0720742165239723,-0.0019268386451272812,0.8340139308915544,0.0951072876495368,0.9954516775487389,0.0008652870345671193,0.8340139308915544,0.0951072876495368
69,daily[mod10+myd10+gcomc+viirs_sr_vj109ga],daily_only_or_16day_only_combinations,daily,"mod10, myd10, gcomc, viirs_sr_vj109ga",,"mod10, mod10_2020, mod10_2021, mod10_2022, mod10_2023, mod10_2024, mod10_2025, myd10, myd10_2021, myd10_2022, myd10_2023, myd10_2024, myd10_2025, gcomc, viirs_sr_vj109ga",,20855,8938,29793,29793,0,0.7289196964566769,0.10842067377577654,0.07077755006279868,-0.0053706215335411174,0.7022964908577822,0.10762188614042915,0.0693602591572586,-0.0017925450361936212,0.8325527245251985,0.09822904081911388,0.9897779978356227,0.0045150959845693395,0.8325527245251985,0.09822904081911388
112,daily[mod10+sice+viirs_sr_vnp09ga+viirs_sr_vj109ga+viirs_sr_vj209ga],daily_only_or_16day_only_combinations,daily,"mod10, sice, viirs_sr_vnp09ga, viirs_sr_vj109ga, viirs_sr_vj209ga",,"mod10, mod10_2020, mod10_2021, mod10_2022, mod10_2023, mod10_2024, mod10_2025, sice, viirs_sr_vnp09ga, viirs_sr_vj109ga, viirs_sr_vj209ga",,19900,8529,28429,28429,0,0.7039471488317449,0.11166210647654272,0.07187575575172529,-0.009731615026137355,0.7014758897107745,0.10766067472421867,0.07125474968900003,-0.00012708380114044007,0.8466608413120402,0.08572016609404276,0.9962808975357526,0.0021431298171081803,0.8466608413120402,0.08572016609404276
109,daily[mod10+sice+gcomc+viirs_sr_vnp09ga+viirs_sr_vj109ga],daily_only_or_16day_only_combinations,daily,"mod10, sice, gcomc, viirs_sr_vnp09ga, viirs_sr_vj109ga",,"mod10, mod10_2020, mod10_2021, mod10_2022, mod10_2023, mod10_2024, mod10_2025, sice, gcomc, viirs_sr_vnp09ga, viirs_sr_vj109ga",,20244,8677,28921,28921,0,0.713016791641265,0.10925025639076578,0.07016877263655157,-0.007970863537481889,0.700530876057724,0.10730945657365723,0.07022445718065355,-0.0023911826673581275,0.8612773231215548,0.0782983020372181,0.9858287751362051,0.006302801385509094,0.8612773231215548,0.0782983020372181
37,daily[mod10+sice+viirs_sr_vj209ga],daily_only_or_16day_only_combinations,daily,"mod10, sice, viirs_sr_vj209ga",,"mod10, mod10_2020, mod10_2021, mod10_2022, mod10_2023, mod10_2024, mod10_2025, sice, viirs_sr_vj209ga",,19405,8317,27722,27722,0,0.6840925412729446,0.11754714003460158,0.0769308575651722,-0.009782548682066478,0.6999768957952089,0.10863200152004432,0.07405744446730132,0.0016128561124591583,0.8091497884315254,0.10862991143975664,1.0081255665137585,-0.0033433420005742898,0.8091497884315254,0.10862991143975664
104,daily[mod10+myd10+sice+viirs_sr_vj109ga+viirs_sr_vj209ga],daily_only_or_16day_only_combinations,daily,"mod10, myd10, sice, viirs_sr_vj109ga, viirs_sr_vj209ga",,"mod10, mod10_2020, mod10_2021, mod10_2022, mod10_2023, mod10_2024, mod10_2025, myd10, myd10_2021, myd10_2022, myd10_2023, myd10_2024, myd10_2025, sice, viirs_sr_vj109ga, viirs_sr_vj209ga",,20826,8926,29752,29752,0,0.714842196791913,0.11107922517229593,0.07257795836570234,-0.007911984358488588,0.699928183716949,0.10853251346208984,0.07135851185285626,-0.0003392735113704222,0.8369397716026425,0.09292679949033711,0.9914378286118902,0.004914738984102218,0.8369397716026425,0.09292679949033711
36,daily[mod10+sice+viirs_sr_vj109ga],daily_only_or_16day_only_combinations,daily,"mod10, sice, viirs_sr_vj109ga",,"mod10, mod10_2020, mod10_2021, mod10_2022, mod10_2023, mod10_2024, mod10_2025, sice, viirs_sr_vj109ga",,19516,8365,27881,27881,0,0.6907567409442704,0.11605394266702614,0.0753813320531786,-0.009815935371788959,0.6993051186733241,0.10777238090437713,0.0727211782265377,0.0009278034891487813,0.8196993438021634,0.1020996770378122,0.9983092625380533,0.0019617688852744397,0.8196993438021634,0.1020996770378122
40,daily[mod10+gcomc+viirs_sr_vj209ga],daily_only_or_16day_only_combinations,daily,"mod10, gcomc, viirs_sr_vj209ga",,"mod10, mod10_2020, mod10_2021, mod10_2022, mod10_2023, mod10_2024, mod10_2025, gcomc, viirs_sr_vj209ga",,19424,8325,27749,27749,0,0.7094708272116493,0.11258734624967297,0.07297748311950851,-0.005861512420699478,0.6983557505267677,0.10830043243125718,0.07188131184161414,-0.0009156518840384339,0.8062224993104065,0.11460126268838722,1.006775463508438,-0.005086546566940853,0.8062224993104065,0.11460126268838722
35,daily[mod10+sice+viirs_sr_vnp09ga],daily_only_or_16day_only_combinations,daily,"mod10, sice, viirs_sr_vnp09ga",,"mod10, mod10_2020, mod10_2021, mod10_2022, mod10_2023, mod10_2024, mod10_2025, sice, viirs_sr_vnp09ga",,19728,8456,28184,28184,0,0.700449431417558,0.11265916201636354,0.07279577272012706,-0.009387742148992972,0.696457011307927,0.10876588468075707,0.07248730341077367,-0.0010414413424191802,0.8396309345412758,0.0903448917861086,0.9899848367428439,0.005069829786663038,0.8396309345412758,0.0903448917861086
59,daily[sice+viirs_sr_vj109ga+viirs_sr_vj209ga],daily_only_or_16day_only_combinations,daily,"sice, viirs_sr_vj109ga, viirs_sr_vj209ga",,"sice, viirs_sr_vj109ga, viirs_sr_vj209ga",,7378,3162,10540,10540,0,0.7283293613188365,0.10355656087227885,0.0689251646974564,-0.005883080520308123,0.6950937843364297,0.10712862446995153,0.070464245250269,-0.0005821067075621123,0.9725387205942821,0.010711971124209851,0.9727245756749019,0.015773917385402347,0.9725387205942821,0.010711971124209851
81,daily[mod10+gcomc+viirs_sr_vnp09ga+viirs_sr_vj209ga],daily_only_or_16day_only_combinations,daily,"mod10, gcomc, viirs_sr_vnp09ga, viirs_sr_vj209ga",,"mod10, mod10_2020, mod10_2021, mod10_2022, mod10_2023, mod10_2024, mod10_2025, gcomc, viirs_sr_vnp09ga, viirs_sr_vj209ga",,19824,8497,28321,28321,0,0.7248909805762432,0.10753906521212013,0.06901750587005649,-0.006504950022027172,0.6949847955836409,0.10791015939497875,0.06998808571151995,-0.0014147558184394358,0.8411016940536373,0.09249891211263384,0.9820858326814618,0.009601836780835149,0.8411016940536373,0.09249891211263384
10,daily[mod10+gcomc],daily_only_or_16day_only_combinations,daily,"mod10, gcomc",,"mod10, mod10_2020, mod10_2021, mod10_2022, mod10_2023, mod10_2024, mod10_2025, gcomc",,19328,8284,27612,27612,0,0.7103548817284867,0.11275541279482193,0.07357278025871791,-0.005917498386201365,0.6936770653712896,0.10874874589252212,0.07146831885161946,-0.0008076827925170638,0.8052074197130002,0.11513226499593299,0.9954419499943797,0.0019990062360878413,0.8052074197130002,0.11513226499593299
111,daily[mod10+sice+gcomc+viirs_sr_vj109ga+viirs_sr_vj209ga],daily_only_or_16day_only_combinations,daily,"mod10, sice, gcomc, viirs_sr_vj109ga, viirs_sr_vj209ga",,"mod10, mod10_2020, mod10_2021, mod10_2022, mod10_2023, mod10_2024, mod10_2025, sice, gcomc, viirs_sr_vj109ga, viirs_sr_vj209ga",,19982,8564,28546,28546,0,0.7051571174847308,0.11203308507495752,0.07267282607126666,-0.007820953717199647,0.6932755743392818,0.10902325568203475,0.07263912173017283,-0.0011799404056739248,0.836736957050122,0.09344834281719627,0.9989367836165101,-0.0005263550731705591,0.836736957050122,0.09344834281719627
125,daily[mod10+sice+gcomc+viirs_sr_vnp09ga+viirs_sr_vj109ga+viirs_sr_vj209ga],daily_only_or_16day_only_combinations,daily,"mod10, sice, gcomc, viirs_sr_vnp09ga, viirs_sr_vj109ga, viirs_sr_vj209ga",,"mod10, mod10_2020, mod10_2021, mod10_2022, mod10_2023, mod10_2024, mod10_2025, sice, gcomc, viirs_sr_vnp09ga, viirs_sr_vj109ga, viirs_sr_vj209ga",,20279,8692,28971,28971,0,0.7172551149628369,0.10826412848235324,0.06989378654923731,-0.007805300434834887,0.6918352964808454,0.1092580045552689,0.07087842329095907,-0.0020937644355943884,0.862327820528898,0.07763897601542247,0.986422769816733,0.00626803816368704,0.862327820528898,0.07763897601542247
12,daily[mod10+viirs_sr_vj109ga],daily_only_or_16day_only_combinations,daily,"mod10, viirs_sr_vj109ga",,"mod10, mod10_2020, mod10_2021, mod10_2022, mod10_2023, mod10_2024, mod10_2025, viirs_sr_vj109ga",,18962,8127,27089,27089,0,0.7106924781172786,0.11297333870135327,0.07367043176916993,-0.007157213254561756,0.6902913605835437,0.10991552921422641,0.07213952600680526,-0.0013044690285351768,0.7985228223066165,0.11811372293829375,0.991745931600516,0.0037902459873876415,0.7985228223066165,0.11811372293829375
43,daily[mod10+viirs_sr_vj109ga+viirs_sr_vj209ga],daily_only_or_16day_only_combinations,daily,"mod10, viirs_sr_vj109ga, viirs_sr_vj209ga",,"mod10, mod10_2020, mod10_2021, mod10_2022, mod10_2023, mod10_2024, mod10_2025, viirs_sr_vj109ga, viirs_sr_vj209ga",,19045,8163,27208,27208,0,0.7129110931360496,0.1127917887470812,0.07374875858958607,-0.0074186771419270155,0.686299719716851,0.10920151820113598,0.07109753589632724,-0.0007998303146158223,0.8031471165579772,0.11521413372845946,0.9840855274763943,0.008984468524652067,0.8031471165579772,0.11521413372845946
79,daily[mod10+sice+viirs_sr_vj109ga+viirs_sr_vj209ga],daily_only_or_16day_only_combinations,daily,"mod10, sice, viirs_sr_vj109ga, viirs_sr_vj209ga",,"mod10, mod10_2020, mod10_2021, mod10_2022, mod10_2023, mod10_2024, mod10_2025, sice, viirs_sr_vj109ga, viirs_sr_vj209ga",,19576,8390,27966,27966,0,0.6991079580213249,0.11436025162575121,0.07433150073482835,-0.009927923844060755,0.6835836463260865,0.10998157250386074,0.0738005950405808,0.0015839898734715718,0.8275240572143112,0.09718279378469241,0.9774535763995271,0.015356369873416487,0.8275240572143112,0.09718279378469241
9,daily[mod10+sice],daily_only_or_16day_only_combinations,daily,"mod10, sice",,"mod10, mod10_2020, mod10_2021, mod10_2022, mod10_2023, mod10_2024, mod10_2025, sice",,19305,8274,27579,27579,0,0.6874464668668238,0.1174919783107625,0.07714430317757057,-0.009868235543434342,0.683307725735273,0.1111639109781622,0.07521083481041421,0.0002646369648956136,0.8067566372190254,0.11030775858726227,0.9960585534850328,0.0026578920032926945,0.8067566372190254,0.11030775858726227
76,daily[mod10+sice+gcomc+viirs_sr_vj209ga],daily_only_or_16day_only_combinations,daily,"mod10, sice, gcomc, viirs_sr_vj209ga",,"mod10, mod10_2020, mod10_2021, mod10_2022, mod10_2023, mod10_2024, mod10_2025, sice, gcomc, viirs_sr_vj209ga",,19850,8508,28358,28358,0,0.7067398917839687,0.11192409686175049,0.07340561988375735,-0.0077988598280142735,0.6799139338875622,0.111605276326185,0.0729926996836995,-0.0015041792103149651,0.8339604732931318,0.09539938998770803,0.9827013246487329,0.009064108282286654,0.8339604732931318,0.09539938998770803
3,daily[sice],daily_only_or_16day_only_combinations,daily,sice,,sice,,5896,2527,8423,8423,0,0.6433644157425247,0.12087920594475984,0.08070967421192334,-0.004212226910871777,0.6387607708626781,0.11869826909396201,0.08139124095283184,0.00047158775137720274,0.901467558701777,0.0522364971601722,0.9892594208696815,0.006588124414314223,0.901467558701777,0.0522364971601722
