scenario_code,scenario_column,sensors
-1,scenario_-1,carra_capflag
0,scenario_0,carra_calibrated
1,scenario_1,gcomc
2,scenario_2,gcomc+mod10
3,scenario_3,gcomc+mod10+myd10
4,scenario_4,gcomc+mod10+myd10+sice
5,scenario_5,gcomc+mod10+myd10+sice+viirs_sr_vj109ga
6,scenario_6,gcomc+mod10+myd10+sice+viirs_sr_vj109ga+viirs_sr_vj209ga
7,scenario_7,gcomc+mod10+myd10+sice+viirs_sr_vj109ga+viirs_sr_vj209ga+viirs_sr_vnp09ga
8,scenario_8,gcomc+mod10+myd10+sice+viirs_sr_vj109ga+viirs_sr_vnp09ga
9,scenario_9,gcomc+mod10+myd10+sice+viirs_sr_vj209ga
10,scenario_10,gcomc+mod10+myd10+sice+viirs_sr_vj209ga+viirs_sr_vnp09ga
11,scenario_11,gcomc+mod10+myd10+sice+viirs_sr_vnp09ga
12,scenario_12,gcomc+mod10+myd10+viirs_sr_vj109ga
13,scenario_13,gcomc+mod10+myd10+viirs_sr_vj109ga+viirs_sr_vj209ga
14,scenario_14,gcomc+mod10+myd10+viirs_sr_vj109ga+viirs_sr_vj209ga+viirs_sr_vnp09ga
15,scenario_15,gcomc+mod10+myd10+viirs_sr_vj109ga+viirs_sr_vnp09ga
16,scenario_16,gcomc+mod10+myd10+viirs_sr_vj209ga
17,scenario_17,gcomc+mod10+myd10+viirs_sr_vj209ga+viirs_sr_vnp09ga
18,scenario_18,gcomc+mod10+myd10+viirs_sr_vnp09ga
19,scenario_19,gcomc+mod10+sice
20,scenario_20,gcomc+mod10+sice+viirs_sr_vj109ga
21,scenario_21,gcomc+mod10+sice+viirs_sr_vj109ga+viirs_sr_vj209ga
22,scenario_22,gcomc+mod10+sice+viirs_sr_vj109ga+viirs_sr_vj209ga+viirs_sr_vnp09ga
23,scenario_23,gcomc+mod10+sice+viirs_sr_vj109ga+viirs_sr_vnp09ga
24,scenario_24,gcomc+mod10+sice+viirs_sr_vj209ga
25,scenario_25,gcomc+mod10+sice+viirs_sr_vj209ga+viirs_sr_vnp09ga
26,scenario_26,gcomc+mod10+sice+viirs_sr_vnp09ga
27,scenario_27,gcomc+mod10+viirs_sr_vj109ga
28,scenario_28,gcomc+mod10+viirs_sr_vj109ga+viirs_sr_vj209ga
29,scenario_29,gcomc+mod10+viirs_sr_vj109ga+viirs_sr_vj209ga+viirs_sr_vnp09ga
30,scenario_30,gcomc+mod10+viirs_sr_vj109ga+viirs_sr_vnp09ga
31,scenario_31,gcomc+mod10+viirs_sr_vj209ga
32,scenario_32,gcomc+mod10+viirs_sr_vj209ga+viirs_sr_vnp09ga
33,scenario_33,gcomc+mod10+viirs_sr_vnp09ga
34,scenario_34,gcomc+myd10
35,scenario_35,gcomc+myd10+sice
36,scenario_36,gcomc+myd10+sice+viirs_sr_vj109ga
37,scenario_37,gcomc+myd10+sice+viirs_sr_vj109ga+viirs_sr_vj209ga
38,scenario_38,gcomc+myd10+sice+viirs_sr_vj109ga+viirs_sr_vj209ga+viirs_sr_vnp09ga
39,scenario_39,gcomc+myd10+sice+viirs_sr_vj109ga+viirs_sr_vnp09ga
40,scenario_40,gcomc+myd10+sice+viirs_sr_vj209ga
41,scenario_41,gcomc+myd10+sice+viirs_sr_vj209ga+viirs_sr_vnp09ga
42,scenario_42,gcomc+myd10+sice+viirs_sr_vnp09ga
43,scenario_43,gcomc+myd10+viirs_sr_vj109ga
44,scenario_44,gcomc+myd10+viirs_sr_vj109ga+viirs_sr_vj209ga
45,scenario_45,gcomc+myd10+viirs_sr_vj109ga+viirs_sr_vj209ga+viirs_sr_vnp09ga
46,scenario_46,gcomc+myd10+viirs_sr_vj109ga+viirs_sr_vnp09ga
47,scenario_47,gcomc+myd10+viirs_sr_vj209ga
48,scenario_48,gcomc+myd10+viirs_sr_vj209ga+viirs_sr_vnp09ga
49,scenario_49,gcomc+myd10+viirs_sr_vnp09ga
50,scenario_50,gcomc+sice
51,scenario_51,gcomc+sice+viirs_sr_vj109ga
52,scenario_52,gcomc+sice+viirs_sr_vj109ga+viirs_sr_vj209ga
53,scenario_53,gcomc+sice+viirs_sr_vj109ga+viirs_sr_vj209ga+viirs_sr_vnp09ga
54,scenario_54,gcomc+sice+viirs_sr_vj109ga+viirs_sr_vnp09ga
55,scenario_55,gcomc+sice+viirs_sr_vj209ga
56,scenario_56,gcomc+sice+viirs_sr_vj209ga+viirs_sr_vnp09ga
57,scenario_57,gcomc+sice+viirs_sr_vnp09ga
58,scenario_58,gcomc+viirs_sr_vj109ga
59,scenario_59,gcomc+viirs_sr_vj109ga+viirs_sr_vj209ga
60,scenario_60,gcomc+viirs_sr_vj109ga+viirs_sr_vj209ga+viirs_sr_vnp09ga
61,scenario_61,gcomc+viirs_sr_vj109ga+viirs_sr_vnp09ga
62,scenario_62,gcomc+viirs_sr_vj209ga
63,scenario_63,gcomc+viirs_sr_vj209ga+viirs_sr_vnp09ga
64,scenario_64,gcomc+viirs_sr_vnp09ga
65,scenario_65,mcd43a3
66,scenario_66,mcd43a3+vj143ma3
67,scenario_67,mcd43a3+vj143ma3+vnp43ma3
68,scenario_68,mcd43a3+vnp43ma3
69,scenario_69,mod10
70,scenario_70,mod10+myd10
71,scenario_71,mod10+myd10+sice
72,scenario_72,mod10+myd10+sice+viirs_sr_vj109ga
73,scenario_73,mod10+myd10+sice+viirs_sr_vj109ga+viirs_sr_vj209ga
74,scenario_74,mod10+myd10+sice+viirs_sr_vj109ga+viirs_sr_vj209ga+viirs_sr_vnp09ga
75,scenario_75,mod10+myd10+sice+viirs_sr_vj109ga+viirs_sr_vnp09ga
76,scenario_76,mod10+myd10+sice+viirs_sr_vj209ga
77,scenario_77,mod10+myd10+sice+viirs_sr_vj209ga+viirs_sr_vnp09ga
78,scenario_78,mod10+myd10+sice+viirs_sr_vnp09ga
79,scenario_79,mod10+myd10+viirs_sr_vj109ga
80,scenario_80,mod10+myd10+viirs_sr_vj109ga+viirs_sr_vj209ga
81,scenario_81,mod10+myd10+viirs_sr_vj109ga+viirs_sr_vj209ga+viirs_sr_vnp09ga
82,scenario_82,mod10+myd10+viirs_sr_vj109ga+viirs_sr_vnp09ga
83,scenario_83,mod10+myd10+viirs_sr_vj209ga
84,scenario_84,mod10+myd10+viirs_sr_vj209ga+viirs_sr_vnp09ga
85,scenario_85,mod10+myd10+viirs_sr_vnp09ga
86,scenario_86,mod10+sice
87,scenario_87,mod10+sice+viirs_sr_vj109ga
88,scenario_88,mod10+sice+viirs_sr_vj109ga+viirs_sr_vj209ga
89,scenario_89,mod10+sice+viirs_sr_vj109ga+viirs_sr_vj209ga+viirs_sr_vnp09ga
90,scenario_90,mod10+sice+viirs_sr_vj109ga+viirs_sr_vnp09ga
91,scenario_91,mod10+sice+viirs_sr_vj209ga
92,scenario_92,mod10+sice+viirs_sr_vj209ga+viirs_sr_vnp09ga
93,scenario_93,mod10+sice+viirs_sr_vnp09ga
94,scenario_94,mod10+viirs_sr_vj109ga
95,scenario_95,mod10+viirs_sr_vj109ga+viirs_sr_vj209ga
96,scenario_96,mod10+viirs_sr_vj109ga+viirs_sr_vj209ga+viirs_sr_vnp09ga
97,scenario_97,mod10+viirs_sr_vj109ga+viirs_sr_vnp09ga
98,scenario_98,mod10+viirs_sr_vj209ga
99,scenario_99,mod10+viirs_sr_vj209ga+viirs_sr_vnp09ga
100,scenario_100,mod10+viirs_sr_vnp09ga
101,scenario_101,myd10
102,scenario_102,myd10+sice
103,scenario_103,myd10+sice+viirs_sr_vj109ga
104,scenario_104,myd10+sice+viirs_sr_vj109ga+viirs_sr_vj209ga
105,scenario_105,myd10+sice+viirs_sr_vj109ga+viirs_sr_vj209ga+viirs_sr_vnp09ga
106,scenario_106,myd10+sice+viirs_sr_vj109ga+viirs_sr_vnp09ga
107,scenario_107,myd10+sice+viirs_sr_vj209ga
108,scenario_108,myd10+sice+viirs_sr_vj209ga+viirs_sr_vnp09ga
109,scenario_109,myd10+sice+viirs_sr_vnp09ga
110,scenario_110,myd10+viirs_sr_vj109ga
111,scenario_111,myd10+viirs_sr_vj109ga+viirs_sr_vj209ga
112,scenario_112,myd10+viirs_sr_vj109ga+viirs_sr_vj209ga+viirs_sr_vnp09ga
113,scenario_113,myd10+viirs_sr_vj109ga+viirs_sr_vnp09ga
114,scenario_114,myd10+viirs_sr_vj209ga
115,scenario_115,myd10+viirs_sr_vj209ga+viirs_sr_vnp09ga
116,scenario_116,myd10+viirs_sr_vnp09ga
117,scenario_117,sice
118,scenario_118,sice+viirs_sr_vj109ga
119,scenario_119,sice+viirs_sr_vj109ga+viirs_sr_vj209ga
120,scenario_120,sice+viirs_sr_vj109ga+viirs_sr_vj209ga+viirs_sr_vnp09ga
121,scenario_121,sice+viirs_sr_vj109ga+viirs_sr_vnp09ga
122,scenario_122,sice+viirs_sr_vj209ga
123,scenario_123,sice+viirs_sr_vj209ga+viirs_sr_vnp09ga
124,scenario_124,sice+viirs_sr_vnp09ga
125,scenario_125,viirs_sr_vj109ga
126,scenario_126,viirs_sr_vj109ga+viirs_sr_vj209ga
127,scenario_127,viirs_sr_vj109ga+viirs_sr_vj209ga+viirs_sr_vnp09ga
128,scenario_128,viirs_sr_vj109ga+viirs_sr_vnp09ga
129,scenario_129,viirs_sr_vj209ga
130,scenario_130,viirs_sr_vj209ga+viirs_sr_vnp09ga
131,scenario_131,viirs_sr_vnp09ga
132,scenario_132,vj143ma3
133,scenario_133,vj143ma3+vnp43ma3
134,scenario_134,vnp43ma3
